slide_id_name,wsi_ID,patient_ID,label,case_id,slide_id
/BCNB/WSIs/1.jpg,1,1,1,patient_0,slide_0
/BCNB/WSIs/10.jpg,10,10,1,patient_1,slide_1
/BCNB/WSIs/100.jpg,100,100,0,patient_2,slide_2
/BCNB/WSIs/1000.jpg,1000,1000,1,patient_3,slide_3
/BCNB/WSIs/1001.jpg,1001,1001,1,patient_4,slide_4
/BCNB/WSIs/1002.jpg,1002,1002,1,patient_5,slide_5
/BCNB/WSIs/1004.jpg,1004,1004,1,patient_6,slide_6
/BCNB/WSIs/1005.jpg,1005,1005,1,patient_7,slide_7
/BCNB/WSIs/1006.jpg,1006,1006,1,patient_8,slide_8
/BCNB/WSIs/1007.jpg,1007,1007,1,patient_9,slide_9
/BCNB/WSIs/1008.jpg,1008,1008,1,patient_10,slide_10
/BCNB/WSIs/1009.jpg,1009,1009,1,patient_11,slide_11
/BCNB/WSIs/101.jpg,101,101,1,patient_12,slide_12
/BCNB/WSIs/1010.jpg,1010,1010,1,patient_13,slide_13
/BCNB/WSIs/1011.jpg,1011,1011,1,patient_14,slide_14
/BCNB/WSIs/1012.jpg,1012,1012,1,patient_15,slide_15
/BCNB/WSIs/1013.jpg,1013,1013,1,patient_16,slide_16
/BCNB/WSIs/1014.jpg,1014,1014,1,patient_17,slide_17
/BCNB/WSIs/1015.jpg,1015,1015,1,patient_18,slide_18
/BCNB/WSIs/1016.jpg,1016,1016,0,patient_19,slide_19
/BCNB/WSIs/1017.jpg,1017,1017,1,patient_20,slide_20
/BCNB/WSIs/1018.jpg,1018,1018,0,patient_21,slide_21
/BCNB/WSIs/1019.jpg,1019,1019,0,patient_22,slide_22
/BCNB/WSIs/102.jpg,102,102,1,patient_23,slide_23
/BCNB/WSIs/1020.jpg,1020,1020,1,patient_24,slide_24
/BCNB/WSIs/1021.jpg,1021,1021,1,patient_25,slide_25
/BCNB/WSIs/1022.jpg,1022,1022,1,patient_26,slide_26
/BCNB/WSIs/1023.jpg,1023,1023,1,patient_27,slide_27
/BCNB/WSIs/1024.jpg,1024,1024,1,patient_28,slide_28
/BCNB/WSIs/1025.jpg,1025,1025,0,patient_29,slide_29
/BCNB/WSIs/1026.jpg,1026,1026,1,patient_30,slide_30
/BCNB/WSIs/1027.jpg,1027,1027,1,patient_31,slide_31
/BCNB/WSIs/1028.jpg,1028,1028,1,patient_32,slide_32
/BCNB/WSIs/1029.jpg,1029,1029,1,patient_33,slide_33
/BCNB/WSIs/103.jpg,103,103,1,patient_34,slide_34
/BCNB/WSIs/1030.jpg,1030,1030,1,patient_35,slide_35
/BCNB/WSIs/1031.jpg,1031,1031,0,patient_36,slide_36
/BCNB/WSIs/1032.jpg,1032,1032,1,patient_37,slide_37
/BCNB/WSIs/1033.jpg,1033,1033,1,patient_38,slide_38
/BCNB/WSIs/1034.jpg,1034,1034,1,patient_39,slide_39
/BCNB/WSIs/1035.jpg,1035,1035,1,patient_40,slide_40
/BCNB/WSIs/1036.jpg,1036,1036,1,patient_41,slide_41
/BCNB/WSIs/1037.jpg,1037,1037,0,patient_42,slide_42
/BCNB/WSIs/1038.jpg,1038,1038,0,patient_43,slide_43
/BCNB/WSIs/1039.jpg,1039,1039,1,patient_44,slide_44
/BCNB/WSIs/104.jpg,104,104,0,patient_45,slide_45
/BCNB/WSIs/1040.jpg,1040,1040,0,patient_46,slide_46
/BCNB/WSIs/1041.jpg,1041,1041,1,patient_47,slide_47
/BCNB/WSIs/1042.jpg,1042,1042,1,patient_48,slide_48
/BCNB/WSIs/1043.jpg,1043,1043,1,patient_49,slide_49
/BCNB/WSIs/1044.jpg,1044,1044,1,patient_50,slide_50
/BCNB/WSIs/1045.jpg,1045,1045,1,patient_51,slide_51
/BCNB/WSIs/1046.jpg,1046,1046,1,patient_52,slide_52
/BCNB/WSIs/1047.jpg,1047,1047,1,patient_53,slide_53
/BCNB/WSIs/1048.jpg,1048,1048,1,patient_54,slide_54
/BCNB/WSIs/1049.jpg,1049,1049,0,patient_55,slide_55
/BCNB/WSIs/105.jpg,105,105,1,patient_56,slide_56
/BCNB/WSIs/1050.jpg,1050,1050,1,patient_57,slide_57
/BCNB/WSIs/1051.jpg,1051,1051,0,patient_58,slide_58
/BCNB/WSIs/1052.jpg,1052,1052,1,patient_59,slide_59
/BCNB/WSIs/1053.jpg,1053,1053,1,patient_60,slide_60
/BCNB/WSIs/1054.jpg,1054,1054,1,patient_61,slide_61
/BCNB/WSIs/1055.jpg,1055,1055,1,patient_62,slide_62
/BCNB/WSIs/1056.jpg,1056,1056,1,patient_63,slide_63
/BCNB/WSIs/1057.jpg,1057,1057,1,patient_64,slide_64
/BCNB/WSIs/1058.jpg,1058,1058,1,patient_65,slide_65
/BCNB/WSIs/106.jpg,106,106,1,patient_66,slide_66
/BCNB/WSIs/107.jpg,107,107,0,patient_67,slide_67
/BCNB/WSIs/108.jpg,108,108,0,patient_68,slide_68
/BCNB/WSIs/109.jpg,109,109,0,patient_69,slide_69
/BCNB/WSIs/11.jpg,11,11,1,patient_70,slide_70
/BCNB/WSIs/110.jpg,110,110,0,patient_71,slide_71
/BCNB/WSIs/111.jpg,111,111,1,patient_72,slide_72
/BCNB/WSIs/112.jpg,112,112,1,patient_73,slide_73
/BCNB/WSIs/113.jpg,113,113,1,patient_74,slide_74
/BCNB/WSIs/114.jpg,114,114,1,patient_75,slide_75
/BCNB/WSIs/115.jpg,115,115,1,patient_76,slide_76
/BCNB/WSIs/116.jpg,116,116,0,patient_77,slide_77
/BCNB/WSIs/117.jpg,117,117,1,patient_78,slide_78
/BCNB/WSIs/118.jpg,118,118,1,patient_79,slide_79
/BCNB/WSIs/119.jpg,119,119,0,patient_80,slide_80
/BCNB/WSIs/12.jpg,12,12,1,patient_81,slide_81
/BCNB/WSIs/120.jpg,120,120,1,patient_82,slide_82
/BCNB/WSIs/121.jpg,121,121,1,patient_83,slide_83
/BCNB/WSIs/122.jpg,122,122,1,patient_84,slide_84
/BCNB/WSIs/123.jpg,123,123,1,patient_85,slide_85
/BCNB/WSIs/124.jpg,124,124,1,patient_86,slide_86
/BCNB/WSIs/125.jpg,125,125,1,patient_87,slide_87
/BCNB/WSIs/126.jpg,126,126,1,patient_88,slide_88
/BCNB/WSIs/127.jpg,127,127,1,patient_89,slide_89
/BCNB/WSIs/128.jpg,128,128,1,patient_90,slide_90
/BCNB/WSIs/129.jpg,129,129,1,patient_91,slide_91
/BCNB/WSIs/13.jpg,13,13,0,patient_92,slide_92
/BCNB/WSIs/130.jpg,130,130,0,patient_93,slide_93
/BCNB/WSIs/131.jpg,131,131,0,patient_94,slide_94
/BCNB/WSIs/132.jpg,132,132,1,patient_95,slide_95
/BCNB/WSIs/133.jpg,133,133,1,patient_96,slide_96
/BCNB/WSIs/134.jpg,134,134,1,patient_97,slide_97
/BCNB/WSIs/135.jpg,135,135,1,patient_98,slide_98
/BCNB/WSIs/136.jpg,136,136,1,patient_99,slide_99
/BCNB/WSIs/137.jpg,137,137,1,patient_100,slide_100
/BCNB/WSIs/138.jpg,138,138,1,patient_101,slide_101
/BCNB/WSIs/139.jpg,139,139,1,patient_102,slide_102
/BCNB/WSIs/14.jpg,14,14,1,patient_103,slide_103
/BCNB/WSIs/140.jpg,140,140,1,patient_104,slide_104
/BCNB/WSIs/141.jpg,141,141,1,patient_105,slide_105
/BCNB/WSIs/142.jpg,142,142,1,patient_106,slide_106
/BCNB/WSIs/143.jpg,143,143,1,patient_107,slide_107
/BCNB/WSIs/144.jpg,144,144,1,patient_108,slide_108
/BCNB/WSIs/145.jpg,145,145,1,patient_109,slide_109
/BCNB/WSIs/146.jpg,146,146,1,patient_110,slide_110
/BCNB/WSIs/148.jpg,148,148,0,patient_111,slide_111
/BCNB/WSIs/149.jpg,149,149,0,patient_112,slide_112
/BCNB/WSIs/15.jpg,15,15,1,patient_113,slide_113
/BCNB/WSIs/150.jpg,150,150,1,patient_114,slide_114
/BCNB/WSIs/151.jpg,151,151,0,patient_115,slide_115
/BCNB/WSIs/152.jpg,152,152,1,patient_116,slide_116
/BCNB/WSIs/153.jpg,153,153,1,patient_117,slide_117
/BCNB/WSIs/154.jpg,154,154,1,patient_118,slide_118
/BCNB/WSIs/155.jpg,155,155,0,patient_119,slide_119
/BCNB/WSIs/157.jpg,157,157,1,patient_120,slide_120
/BCNB/WSIs/158.jpg,158,158,1,patient_121,slide_121
/BCNB/WSIs/159.jpg,159,159,1,patient_122,slide_122
/BCNB/WSIs/16.jpg,16,16,1,patient_123,slide_123
/BCNB/WSIs/160.jpg,160,160,1,patient_124,slide_124
/BCNB/WSIs/161.jpg,161,161,0,patient_125,slide_125
/BCNB/WSIs/162.jpg,162,162,0,patient_126,slide_126
/BCNB/WSIs/163.jpg,163,163,1,patient_127,slide_127
/BCNB/WSIs/164.jpg,164,164,1,patient_128,slide_128
/BCNB/WSIs/165.jpg,165,165,0,patient_129,slide_129
/BCNB/WSIs/166.jpg,166,166,1,patient_130,slide_130
/BCNB/WSIs/167.jpg,167,167,1,patient_131,slide_131
/BCNB/WSIs/168.jpg,168,168,1,patient_132,slide_132
/BCNB/WSIs/169.jpg,169,169,1,patient_133,slide_133
/BCNB/WSIs/17.jpg,17,17,1,patient_134,slide_134
/BCNB/WSIs/170.jpg,170,170,1,patient_135,slide_135
/BCNB/WSIs/171.jpg,171,171,1,patient_136,slide_136
/BCNB/WSIs/172.jpg,172,172,1,patient_137,slide_137
/BCNB/WSIs/173.jpg,173,173,1,patient_138,slide_138
/BCNB/WSIs/174.jpg,174,174,1,patient_139,slide_139
/BCNB/WSIs/175.jpg,175,175,1,patient_140,slide_140
/BCNB/WSIs/176.jpg,176,176,0,patient_141,slide_141
/BCNB/WSIs/177.jpg,177,177,0,patient_142,slide_142
/BCNB/WSIs/178.jpg,178,178,1,patient_143,slide_143
/BCNB/WSIs/179.jpg,179,179,1,patient_144,slide_144
/BCNB/WSIs/18.jpg,18,18,1,patient_145,slide_145
/BCNB/WSIs/180.jpg,180,180,1,patient_146,slide_146
/BCNB/WSIs/181.jpg,181,181,1,patient_147,slide_147
/BCNB/WSIs/182.jpg,182,182,1,patient_148,slide_148
/BCNB/WSIs/183.jpg,183,183,1,patient_149,slide_149
/BCNB/WSIs/184.jpg,184,184,1,patient_150,slide_150
/BCNB/WSIs/185.jpg,185,185,1,patient_151,slide_151
/BCNB/WSIs/186.jpg,186,186,1,patient_152,slide_152
/BCNB/WSIs/187.jpg,187,187,1,patient_153,slide_153
/BCNB/WSIs/188.jpg,188,188,1,patient_154,slide_154
/BCNB/WSIs/189.jpg,189,189,0,patient_155,slide_155
/BCNB/WSIs/19.jpg,19,19,1,patient_156,slide_156
/BCNB/WSIs/190.jpg,190,190,1,patient_157,slide_157
/BCNB/WSIs/191.jpg,191,191,1,patient_158,slide_158
/BCNB/WSIs/192.jpg,192,192,0,patient_159,slide_159
/BCNB/WSIs/193.jpg,193,193,0,patient_160,slide_160
/BCNB/WSIs/194.jpg,194,194,1,patient_161,slide_161
/BCNB/WSIs/195.jpg,195,195,1,patient_162,slide_162
/BCNB/WSIs/196.jpg,196,196,1,patient_163,slide_163
/BCNB/WSIs/197.jpg,197,197,1,patient_164,slide_164
/BCNB/WSIs/198.jpg,198,198,0,patient_165,slide_165
/BCNB/WSIs/199.jpg,199,199,0,patient_166,slide_166
/BCNB/WSIs/2.jpg,2,2,0,patient_167,slide_167
/BCNB/WSIs/20.jpg,20,20,1,patient_168,slide_168
/BCNB/WSIs/200.jpg,200,200,1,patient_169,slide_169
/BCNB/WSIs/201.jpg,201,201,1,patient_170,slide_170
/BCNB/WSIs/202.jpg,202,202,1,patient_171,slide_171
/BCNB/WSIs/203.jpg,203,203,1,patient_172,slide_172
/BCNB/WSIs/204.jpg,204,204,1,patient_173,slide_173
/BCNB/WSIs/205.jpg,205,205,1,patient_174,slide_174
/BCNB/WSIs/206.jpg,206,206,0,patient_175,slide_175
/BCNB/WSIs/207.jpg,207,207,1,patient_176,slide_176
/BCNB/WSIs/208.jpg,208,208,1,patient_177,slide_177
/BCNB/WSIs/209.jpg,209,209,1,patient_178,slide_178
/BCNB/WSIs/21.jpg,21,21,1,patient_179,slide_179
/BCNB/WSIs/210.jpg,210,210,1,patient_180,slide_180
/BCNB/WSIs/211.jpg,211,211,1,patient_181,slide_181
/BCNB/WSIs/212.jpg,212,212,1,patient_182,slide_182
/BCNB/WSIs/213.jpg,213,213,1,patient_183,slide_183
/BCNB/WSIs/214.jpg,214,214,1,patient_184,slide_184
/BCNB/WSIs/215.jpg,215,215,1,patient_185,slide_185
/BCNB/WSIs/216.jpg,216,216,1,patient_186,slide_186
/BCNB/WSIs/217.jpg,217,217,1,patient_187,slide_187
/BCNB/WSIs/218.jpg,218,218,1,patient_188,slide_188
/BCNB/WSIs/219.jpg,219,219,1,patient_189,slide_189
/BCNB/WSIs/22.jpg,22,22,1,patient_190,slide_190
/BCNB/WSIs/220.jpg,220,220,1,patient_191,slide_191
/BCNB/WSIs/221.jpg,221,221,1,patient_192,slide_192
/BCNB/WSIs/222.jpg,222,222,1,patient_193,slide_193
/BCNB/WSIs/223.jpg,223,223,0,patient_194,slide_194
/BCNB/WSIs/224.jpg,224,224,1,patient_195,slide_195
/BCNB/WSIs/225.jpg,225,225,1,patient_196,slide_196
/BCNB/WSIs/226.jpg,226,226,1,patient_197,slide_197
/BCNB/WSIs/227.jpg,227,227,0,patient_198,slide_198
/BCNB/WSIs/228.jpg,228,228,1,patient_199,slide_199
/BCNB/WSIs/229.jpg,229,229,1,patient_200,slide_200
/BCNB/WSIs/23.jpg,23,23,1,patient_201,slide_201
/BCNB/WSIs/230.jpg,230,230,1,patient_202,slide_202
/BCNB/WSIs/231.jpg,231,231,1,patient_203,slide_203
/BCNB/WSIs/232.jpg,232,232,1,patient_204,slide_204
/BCNB/WSIs/233.jpg,233,233,1,patient_205,slide_205
/BCNB/WSIs/234.jpg,234,234,1,patient_206,slide_206
/BCNB/WSIs/235.jpg,235,235,1,patient_207,slide_207
/BCNB/WSIs/236.jpg,236,236,1,patient_208,slide_208
/BCNB/WSIs/237.jpg,237,237,1,patient_209,slide_209
/BCNB/WSIs/238.jpg,238,238,1,patient_210,slide_210
/BCNB/WSIs/239.jpg,239,239,0,patient_211,slide_211
/BCNB/WSIs/24.jpg,24,24,1,patient_212,slide_212
/BCNB/WSIs/240.jpg,240,240,1,patient_213,slide_213
/BCNB/WSIs/241.jpg,241,241,1,patient_214,slide_214
/BCNB/WSIs/242.jpg,242,242,1,patient_215,slide_215
/BCNB/WSIs/243.jpg,243,243,1,patient_216,slide_216
/BCNB/WSIs/244.jpg,244,244,1,patient_217,slide_217
/BCNB/WSIs/245.jpg,245,245,0,patient_218,slide_218
/BCNB/WSIs/246.jpg,246,246,1,patient_219,slide_219
/BCNB/WSIs/247.jpg,247,247,1,patient_220,slide_220
/BCNB/WSIs/248.jpg,248,248,1,patient_221,slide_221
/BCNB/WSIs/249.jpg,249,249,1,patient_222,slide_222
/BCNB/WSIs/25.jpg,25,25,1,patient_223,slide_223
/BCNB/WSIs/250.jpg,250,250,1,patient_224,slide_224
/BCNB/WSIs/251.jpg,251,251,0,patient_225,slide_225
/BCNB/WSIs/252.jpg,252,252,1,patient_226,slide_226
/BCNB/WSIs/253.jpg,253,253,1,patient_227,slide_227
/BCNB/WSIs/254.jpg,254,254,0,patient_228,slide_228
/BCNB/WSIs/255.jpg,255,255,1,patient_229,slide_229
/BCNB/WSIs/256.jpg,256,256,1,patient_230,slide_230
/BCNB/WSIs/257.jpg,257,257,1,patient_231,slide_231
/BCNB/WSIs/258.jpg,258,258,0,patient_232,slide_232
/BCNB/WSIs/259.jpg,259,259,1,patient_233,slide_233
/BCNB/WSIs/26.jpg,26,26,1,patient_234,slide_234
/BCNB/WSIs/260.jpg,260,260,1,patient_235,slide_235
/BCNB/WSIs/261.jpg,261,261,1,patient_236,slide_236
/BCNB/WSIs/262.jpg,262,262,0,patient_237,slide_237
/BCNB/WSIs/263.jpg,263,263,1,patient_238,slide_238
/BCNB/WSIs/264.jpg,264,264,1,patient_239,slide_239
/BCNB/WSIs/265.jpg,265,265,0,patient_240,slide_240
/BCNB/WSIs/266.jpg,266,266,1,patient_241,slide_241
/BCNB/WSIs/267.jpg,267,267,1,patient_242,slide_242
/BCNB/WSIs/268.jpg,268,268,1,patient_243,slide_243
/BCNB/WSIs/269.jpg,269,269,0,patient_244,slide_244
/BCNB/WSIs/27.jpg,27,27,1,patient_245,slide_245
/BCNB/WSIs/270.jpg,270,270,1,patient_246,slide_246
/BCNB/WSIs/271.jpg,271,271,1,patient_247,slide_247
/BCNB/WSIs/272.jpg,272,272,0,patient_248,slide_248
/BCNB/WSIs/273.jpg,273,273,0,patient_249,slide_249
/BCNB/WSIs/274.jpg,274,274,1,patient_250,slide_250
/BCNB/WSIs/275.jpg,275,275,1,patient_251,slide_251
/BCNB/WSIs/276.jpg,276,276,0,patient_252,slide_252
/BCNB/WSIs/277.jpg,277,277,1,patient_253,slide_253
/BCNB/WSIs/278.jpg,278,278,1,patient_254,slide_254
/BCNB/WSIs/279.jpg,279,279,1,patient_255,slide_255
/BCNB/WSIs/28.jpg,28,28,0,patient_256,slide_256
/BCNB/WSIs/280.jpg,280,280,0,patient_257,slide_257
/BCNB/WSIs/281.jpg,281,281,1,patient_258,slide_258
/BCNB/WSIs/282.jpg,282,282,1,patient_259,slide_259
/BCNB/WSIs/283.jpg,283,283,1,patient_260,slide_260
/BCNB/WSIs/284.jpg,284,284,1,patient_261,slide_261
/BCNB/WSIs/285.jpg,285,285,1,patient_262,slide_262
/BCNB/WSIs/286.jpg,286,286,0,patient_263,slide_263
/BCNB/WSIs/287.jpg,287,287,1,patient_264,slide_264
/BCNB/WSIs/288.jpg,288,288,1,patient_265,slide_265
/BCNB/WSIs/289.jpg,289,289,1,patient_266,slide_266
/BCNB/WSIs/29.jpg,29,29,1,patient_267,slide_267
/BCNB/WSIs/290.jpg,290,290,0,patient_268,slide_268
/BCNB/WSIs/291.jpg,291,291,1,patient_269,slide_269
/BCNB/WSIs/292.jpg,292,292,1,patient_270,slide_270
/BCNB/WSIs/293.jpg,293,293,1,patient_271,slide_271
/BCNB/WSIs/294.jpg,294,294,0,patient_272,slide_272
/BCNB/WSIs/295.jpg,295,295,1,patient_273,slide_273
/BCNB/WSIs/296.jpg,296,296,1,patient_274,slide_274
/BCNB/WSIs/297.jpg,297,297,1,patient_275,slide_275
/BCNB/WSIs/298.jpg,298,298,1,patient_276,slide_276
/BCNB/WSIs/299.jpg,299,299,1,patient_277,slide_277
/BCNB/WSIs/3.jpg,3,3,1,patient_278,slide_278
/BCNB/WSIs/30.jpg,30,30,1,patient_279,slide_279
/BCNB/WSIs/300.jpg,300,300,1,patient_280,slide_280
/BCNB/WSIs/301.jpg,301,301,1,patient_281,slide_281
/BCNB/WSIs/302.jpg,302,302,0,patient_282,slide_282
/BCNB/WSIs/303.jpg,303,303,1,patient_283,slide_283
/BCNB/WSIs/304.jpg,304,304,0,patient_284,slide_284
/BCNB/WSIs/305.jpg,305,305,1,patient_285,slide_285
/BCNB/WSIs/306.jpg,306,306,1,patient_286,slide_286
/BCNB/WSIs/307.jpg,307,307,1,patient_287,slide_287
/BCNB/WSIs/308.jpg,308,308,1,patient_288,slide_288
/BCNB/WSIs/309.jpg,309,309,0,patient_289,slide_289
/BCNB/WSIs/31.jpg,31,31,0,patient_290,slide_290
/BCNB/WSIs/310.jpg,310,310,1,patient_291,slide_291
/BCNB/WSIs/311.jpg,311,311,1,patient_292,slide_292
/BCNB/WSIs/312.jpg,312,312,1,patient_293,slide_293
/BCNB/WSIs/313.jpg,313,313,1,patient_294,slide_294
/BCNB/WSIs/314.jpg,314,314,1,patient_295,slide_295
/BCNB/WSIs/315.jpg,315,315,1,patient_296,slide_296
/BCNB/WSIs/316.jpg,316,316,1,patient_297,slide_297
/BCNB/WSIs/317.jpg,317,317,1,patient_298,slide_298
/BCNB/WSIs/318.jpg,318,318,1,patient_299,slide_299
/BCNB/WSIs/319.jpg,319,319,1,patient_300,slide_300
/BCNB/WSIs/32.jpg,32,32,1,patient_301,slide_301
/BCNB/WSIs/320.jpg,320,320,1,patient_302,slide_302
/BCNB/WSIs/321.jpg,321,321,1,patient_303,slide_303
/BCNB/WSIs/322.jpg,322,322,1,patient_304,slide_304
/BCNB/WSIs/323.jpg,323,323,1,patient_305,slide_305
/BCNB/WSIs/324.jpg,324,324,0,patient_306,slide_306
/BCNB/WSIs/325.jpg,325,325,1,patient_307,slide_307
/BCNB/WSIs/326.jpg,326,326,1,patient_308,slide_308
/BCNB/WSIs/327.jpg,327,327,1,patient_309,slide_309
/BCNB/WSIs/328.jpg,328,328,1,patient_310,slide_310
/BCNB/WSIs/329.jpg,329,329,0,patient_311,slide_311
/BCNB/WSIs/33.jpg,33,33,1,patient_312,slide_312
/BCNB/WSIs/330.jpg,330,330,1,patient_313,slide_313
/BCNB/WSIs/331.jpg,331,331,0,patient_314,slide_314
/BCNB/WSIs/332.jpg,332,332,1,patient_315,slide_315
/BCNB/WSIs/333.jpg,333,333,1,patient_316,slide_316
/BCNB/WSIs/334.jpg,334,334,0,patient_317,slide_317
/BCNB/WSIs/335.jpg,335,335,1,patient_318,slide_318
/BCNB/WSIs/336.jpg,336,336,1,patient_319,slide_319
/BCNB/WSIs/338.jpg,338,338,0,patient_320,slide_320
/BCNB/WSIs/339.jpg,339,339,1,patient_321,slide_321
/BCNB/WSIs/34.jpg,34,34,1,patient_322,slide_322
/BCNB/WSIs/340.jpg,340,340,1,patient_323,slide_323
/BCNB/WSIs/341.jpg,341,341,1,patient_324,slide_324
/BCNB/WSIs/342.jpg,342,342,1,patient_325,slide_325
/BCNB/WSIs/343.jpg,343,343,0,patient_326,slide_326
/BCNB/WSIs/344.jpg,344,344,1,patient_327,slide_327
/BCNB/WSIs/345.jpg,345,345,0,patient_328,slide_328
/BCNB/WSIs/346.jpg,346,346,1,patient_329,slide_329
/BCNB/WSIs/347.jpg,347,347,1,patient_330,slide_330
/BCNB/WSIs/348.jpg,348,348,1,patient_331,slide_331
/BCNB/WSIs/349.jpg,349,349,0,patient_332,slide_332
/BCNB/WSIs/35.jpg,35,35,1,patient_333,slide_333
/BCNB/WSIs/350.jpg,350,350,1,patient_334,slide_334
/BCNB/WSIs/351.jpg,351,351,1,patient_335,slide_335
/BCNB/WSIs/352.jpg,352,352,1,patient_336,slide_336
/BCNB/WSIs/353.jpg,353,353,0,patient_337,slide_337
/BCNB/WSIs/354.jpg,354,354,1,patient_338,slide_338
/BCNB/WSIs/355.jpg,355,355,0,patient_339,slide_339
/BCNB/WSIs/356.jpg,356,356,1,patient_340,slide_340
/BCNB/WSIs/357.jpg,357,357,1,patient_341,slide_341
/BCNB/WSIs/358.jpg,358,358,1,patient_342,slide_342
/BCNB/WSIs/359.jpg,359,359,0,patient_343,slide_343
/BCNB/WSIs/36.jpg,36,36,1,patient_344,slide_344
/BCNB/WSIs/360.jpg,360,360,1,patient_345,slide_345
/BCNB/WSIs/361.jpg,361,361,1,patient_346,slide_346
/BCNB/WSIs/362.jpg,362,362,0,patient_347,slide_347
/BCNB/WSIs/363.jpg,363,363,1,patient_348,slide_348
/BCNB/WSIs/364.jpg,364,364,1,patient_349,slide_349
/BCNB/WSIs/365.jpg,365,365,1,patient_350,slide_350
/BCNB/WSIs/366.jpg,366,366,1,patient_351,slide_351
/BCNB/WSIs/367.jpg,367,367,1,patient_352,slide_352
/BCNB/WSIs/368.jpg,368,368,1,patient_353,slide_353
/BCNB/WSIs/369.jpg,369,369,0,patient_354,slide_354
/BCNB/WSIs/37.jpg,37,37,1,patient_355,slide_355
/BCNB/WSIs/370.jpg,370,370,0,patient_356,slide_356
/BCNB/WSIs/371.jpg,371,371,0,patient_357,slide_357
/BCNB/WSIs/372.jpg,372,372,1,patient_358,slide_358
/BCNB/WSIs/373.jpg,373,373,1,patient_359,slide_359
/BCNB/WSIs/374.jpg,374,374,0,patient_360,slide_360
/BCNB/WSIs/375.jpg,375,375,1,patient_361,slide_361
/BCNB/WSIs/376.jpg,376,376,1,patient_362,slide_362
/BCNB/WSIs/377.jpg,377,377,1,patient_363,slide_363
/BCNB/WSIs/379.jpg,379,379,1,patient_364,slide_364
/BCNB/WSIs/38.jpg,38,38,1,patient_365,slide_365
/BCNB/WSIs/380.jpg,380,380,0,patient_366,slide_366
/BCNB/WSIs/381.jpg,381,381,1,patient_367,slide_367
/BCNB/WSIs/382.jpg,382,382,0,patient_368,slide_368
/BCNB/WSIs/383.jpg,383,383,0,patient_369,slide_369
/BCNB/WSIs/384.jpg,384,384,1,patient_370,slide_370
/BCNB/WSIs/385.jpg,385,385,1,patient_371,slide_371
/BCNB/WSIs/386.jpg,386,386,1,patient_372,slide_372
/BCNB/WSIs/387.jpg,387,387,0,patient_373,slide_373
/BCNB/WSIs/388.jpg,388,388,1,patient_374,slide_374
/BCNB/WSIs/389.jpg,389,389,1,patient_375,slide_375
/BCNB/WSIs/39.jpg,39,39,1,patient_376,slide_376
/BCNB/WSIs/390.jpg,390,390,1,patient_377,slide_377
/BCNB/WSIs/391.jpg,391,391,1,patient_378,slide_378
/BCNB/WSIs/392.jpg,392,392,0,patient_379,slide_379
/BCNB/WSIs/393.jpg,393,393,0,patient_380,slide_380
/BCNB/WSIs/394.jpg,394,394,1,patient_381,slide_381
/BCNB/WSIs/395.jpg,395,395,1,patient_382,slide_382
/BCNB/WSIs/396.jpg,396,396,0,patient_383,slide_383
/BCNB/WSIs/397.jpg,397,397,0,patient_384,slide_384
/BCNB/WSIs/398.jpg,398,398,1,patient_385,slide_385
/BCNB/WSIs/4.jpg,4,4,0,patient_386,slide_386
/BCNB/WSIs/40.jpg,40,40,1,patient_387,slide_387
/BCNB/WSIs/400.jpg,400,400,0,patient_388,slide_388
/BCNB/WSIs/401.jpg,401,401,0,patient_389,slide_389
/BCNB/WSIs/402.jpg,402,402,1,patient_390,slide_390
/BCNB/WSIs/403.jpg,403,403,1,patient_391,slide_391
/BCNB/WSIs/404.jpg,404,404,1,patient_392,slide_392
/BCNB/WSIs/405.jpg,405,405,1,patient_393,slide_393
/BCNB/WSIs/406.jpg,406,406,1,patient_394,slide_394
/BCNB/WSIs/407.jpg,407,407,1,patient_395,slide_395
/BCNB/WSIs/408.jpg,408,408,1,patient_396,slide_396
/BCNB/WSIs/409.jpg,409,409,1,patient_397,slide_397
/BCNB/WSIs/41.jpg,41,41,0,patient_398,slide_398
/BCNB/WSIs/410.jpg,410,410,0,patient_399,slide_399
/BCNB/WSIs/411.jpg,411,411,1,patient_400,slide_400
/BCNB/WSIs/412.jpg,412,412,1,patient_401,slide_401
/BCNB/WSIs/413.jpg,413,413,1,patient_402,slide_402
/BCNB/WSIs/414.jpg,414,414,1,patient_403,slide_403
/BCNB/WSIs/415.jpg,415,415,1,patient_404,slide_404
/BCNB/WSIs/416.jpg,416,416,1,patient_405,slide_405
/BCNB/WSIs/417.jpg,417,417,1,patient_406,slide_406
/BCNB/WSIs/418.jpg,418,418,1,patient_407,slide_407
/BCNB/WSIs/419.jpg,419,419,1,patient_408,slide_408
/BCNB/WSIs/42.jpg,42,42,1,patient_409,slide_409
/BCNB/WSIs/420.jpg,420,420,0,patient_410,slide_410
/BCNB/WSIs/421.jpg,421,421,1,patient_411,slide_411
/BCNB/WSIs/422.jpg,422,422,1,patient_412,slide_412
/BCNB/WSIs/423.jpg,423,423,0,patient_413,slide_413
/BCNB/WSIs/424.jpg,424,424,0,patient_414,slide_414
/BCNB/WSIs/425.jpg,425,425,0,patient_415,slide_415
/BCNB/WSIs/426.jpg,426,426,1,patient_416,slide_416
/BCNB/WSIs/427.jpg,427,427,1,patient_417,slide_417
/BCNB/WSIs/428.jpg,428,428,1,patient_418,slide_418
/BCNB/WSIs/429.jpg,429,429,1,patient_419,slide_419
/BCNB/WSIs/43.jpg,43,43,1,patient_420,slide_420
/BCNB/WSIs/430.jpg,430,430,1,patient_421,slide_421
/BCNB/WSIs/431.jpg,431,431,1,patient_422,slide_422
/BCNB/WSIs/432.jpg,432,432,0,patient_423,slide_423
/BCNB/WSIs/433.jpg,433,433,1,patient_424,slide_424
/BCNB/WSIs/434.jpg,434,434,1,patient_425,slide_425
/BCNB/WSIs/435.jpg,435,435,1,patient_426,slide_426
/BCNB/WSIs/436.jpg,436,436,1,patient_427,slide_427
/BCNB/WSIs/437.jpg,437,437,1,patient_428,slide_428
/BCNB/WSIs/438.jpg,438,438,1,patient_429,slide_429
/BCNB/WSIs/439.jpg,439,439,1,patient_430,slide_430
/BCNB/WSIs/44.jpg,44,44,0,patient_431,slide_431
/BCNB/WSIs/440.jpg,440,440,0,patient_432,slide_432
/BCNB/WSIs/441.jpg,441,441,1,patient_433,slide_433
/BCNB/WSIs/442.jpg,442,442,1,patient_434,slide_434
/BCNB/WSIs/443.jpg,443,443,0,patient_435,slide_435
/BCNB/WSIs/444.jpg,444,444,0,patient_436,slide_436
/BCNB/WSIs/445.jpg,445,445,1,patient_437,slide_437
/BCNB/WSIs/446.jpg,446,446,1,patient_438,slide_438
/BCNB/WSIs/447.jpg,447,447,1,patient_439,slide_439
/BCNB/WSIs/448.jpg,448,448,1,patient_440,slide_440
/BCNB/WSIs/449.jpg,449,449,0,patient_441,slide_441
/BCNB/WSIs/45.jpg,45,45,0,patient_442,slide_442
/BCNB/WSIs/450.jpg,450,450,1,patient_443,slide_443
/BCNB/WSIs/451.jpg,451,451,1,patient_444,slide_444
/BCNB/WSIs/452.jpg,452,452,1,patient_445,slide_445
/BCNB/WSIs/453.jpg,453,453,1,patient_446,slide_446
/BCNB/WSIs/454.jpg,454,454,0,patient_447,slide_447
/BCNB/WSIs/455.jpg,455,455,1,patient_448,slide_448
/BCNB/WSIs/456.jpg,456,456,1,patient_449,slide_449
/BCNB/WSIs/457.jpg,457,457,1,patient_450,slide_450
/BCNB/WSIs/458.jpg,458,458,1,patient_451,slide_451
/BCNB/WSIs/459.jpg,459,459,1,patient_452,slide_452
/BCNB/WSIs/46.jpg,46,46,0,patient_453,slide_453
/BCNB/WSIs/460.jpg,460,460,1,patient_454,slide_454
/BCNB/WSIs/461.jpg,461,461,1,patient_455,slide_455
/BCNB/WSIs/462.jpg,462,462,1,patient_456,slide_456
/BCNB/WSIs/463.jpg,463,463,1,patient_457,slide_457
/BCNB/WSIs/464.jpg,464,464,1,patient_458,slide_458
/BCNB/WSIs/465.jpg,465,465,1,patient_459,slide_459
/BCNB/WSIs/466.jpg,466,466,0,patient_460,slide_460
/BCNB/WSIs/467.jpg,467,467,1,patient_461,slide_461
/BCNB/WSIs/468.jpg,468,468,0,patient_462,slide_462
/BCNB/WSIs/469.jpg,469,469,1,patient_463,slide_463
/BCNB/WSIs/47.jpg,47,47,1,patient_464,slide_464
/BCNB/WSIs/470.jpg,470,470,1,patient_465,slide_465
/BCNB/WSIs/471.jpg,471,471,1,patient_466,slide_466
/BCNB/WSIs/472.jpg,472,472,1,patient_467,slide_467
/BCNB/WSIs/473.jpg,473,473,1,patient_468,slide_468
/BCNB/WSIs/474.jpg,474,474,1,patient_469,slide_469
/BCNB/WSIs/475.jpg,475,475,0,patient_470,slide_470
/BCNB/WSIs/476.jpg,476,476,1,patient_471,slide_471
/BCNB/WSIs/477.jpg,477,477,1,patient_472,slide_472
/BCNB/WSIs/478.jpg,478,478,1,patient_473,slide_473
/BCNB/WSIs/479.jpg,479,479,1,patient_474,slide_474
/BCNB/WSIs/48.jpg,48,48,0,patient_475,slide_475
/BCNB/WSIs/480.jpg,480,480,1,patient_476,slide_476
/BCNB/WSIs/481.jpg,481,481,1,patient_477,slide_477
/BCNB/WSIs/482.jpg,482,482,1,patient_478,slide_478
/BCNB/WSIs/483.jpg,483,483,1,patient_479,slide_479
/BCNB/WSIs/484.jpg,484,484,1,patient_480,slide_480
/BCNB/WSIs/485.jpg,485,485,1,patient_481,slide_481
/BCNB/WSIs/486.jpg,486,486,1,patient_482,slide_482
/BCNB/WSIs/487.jpg,487,487,1,patient_483,slide_483
/BCNB/WSIs/488.jpg,488,488,1,patient_484,slide_484
/BCNB/WSIs/489.jpg,489,489,1,patient_485,slide_485
/BCNB/WSIs/49.jpg,49,49,0,patient_486,slide_486
/BCNB/WSIs/490.jpg,490,490,1,patient_487,slide_487
/BCNB/WSIs/491.jpg,491,491,0,patient_488,slide_488
/BCNB/WSIs/492.jpg,492,492,0,patient_489,slide_489
/BCNB/WSIs/493.jpg,493,493,1,patient_490,slide_490
/BCNB/WSIs/494.jpg,494,494,1,patient_491,slide_491
/BCNB/WSIs/495.jpg,495,495,1,patient_492,slide_492
/BCNB/WSIs/496.jpg,496,496,1,patient_493,slide_493
/BCNB/WSIs/497.jpg,497,497,1,patient_494,slide_494
/BCNB/WSIs/498.jpg,498,498,0,patient_495,slide_495
/BCNB/WSIs/499.jpg,499,499,1,patient_496,slide_496
/BCNB/WSIs/5.jpg,5,5,0,patient_497,slide_497
/BCNB/WSIs/50.jpg,50,50,1,patient_498,slide_498
/BCNB/WSIs/500.jpg,500,500,0,patient_499,slide_499
/BCNB/WSIs/501.jpg,501,501,1,patient_500,slide_500
/BCNB/WSIs/502.jpg,502,502,1,patient_501,slide_501
/BCNB/WSIs/503.jpg,503,503,1,patient_502,slide_502
/BCNB/WSIs/504.jpg,504,504,1,patient_503,slide_503
/BCNB/WSIs/505.jpg,505,505,1,patient_504,slide_504
/BCNB/WSIs/506.jpg,506,506,0,patient_505,slide_505
/BCNB/WSIs/507.jpg,507,507,1,patient_506,slide_506
/BCNB/WSIs/508.jpg,508,508,1,patient_507,slide_507
/BCNB/WSIs/509.jpg,509,509,0,patient_508,slide_508
/BCNB/WSIs/51.jpg,51,51,1,patient_509,slide_509
/BCNB/WSIs/510.jpg,510,510,1,patient_510,slide_510
/BCNB/WSIs/511.jpg,511,511,1,patient_511,slide_511
/BCNB/WSIs/512.jpg,512,512,0,patient_512,slide_512
/BCNB/WSIs/513.jpg,513,513,1,patient_513,slide_513
/BCNB/WSIs/514.jpg,514,514,1,patient_514,slide_514
/BCNB/WSIs/515.jpg,515,515,1,patient_515,slide_515
/BCNB/WSIs/516.jpg,516,516,1,patient_516,slide_516
/BCNB/WSIs/517.jpg,517,517,1,patient_517,slide_517
/BCNB/WSIs/518.jpg,518,518,0,patient_518,slide_518
/BCNB/WSIs/519.jpg,519,519,1,patient_519,slide_519
/BCNB/WSIs/52.jpg,52,52,0,patient_520,slide_520
/BCNB/WSIs/520.jpg,520,520,1,patient_521,slide_521
/BCNB/WSIs/521.jpg,521,521,1,patient_522,slide_522
/BCNB/WSIs/522.jpg,522,522,1,patient_523,slide_523
/BCNB/WSIs/523.jpg,523,523,1,patient_524,slide_524
/BCNB/WSIs/524.jpg,524,524,0,patient_525,slide_525
/BCNB/WSIs/525.jpg,525,525,1,patient_526,slide_526
/BCNB/WSIs/526.jpg,526,526,1,patient_527,slide_527
/BCNB/WSIs/527.jpg,527,527,1,patient_528,slide_528
/BCNB/WSIs/528.jpg,528,528,0,patient_529,slide_529
/BCNB/WSIs/529.jpg,529,529,1,patient_530,slide_530
/BCNB/WSIs/53.jpg,53,53,0,patient_531,slide_531
/BCNB/WSIs/530.jpg,530,530,1,patient_532,slide_532
/BCNB/WSIs/531.jpg,531,531,1,patient_533,slide_533
/BCNB/WSIs/532.jpg,532,532,1,patient_534,slide_534
/BCNB/WSIs/533.jpg,533,533,1,patient_535,slide_535
/BCNB/WSIs/534.jpg,534,534,1,patient_536,slide_536
/BCNB/WSIs/535.jpg,535,535,1,patient_537,slide_537
/BCNB/WSIs/536.jpg,536,536,1,patient_538,slide_538
/BCNB/WSIs/538.jpg,538,538,1,patient_539,slide_539
/BCNB/WSIs/539.jpg,539,539,1,patient_540,slide_540
/BCNB/WSIs/54.jpg,54,54,1,patient_541,slide_541
/BCNB/WSIs/540.jpg,540,540,0,patient_542,slide_542
/BCNB/WSIs/541.jpg,541,541,1,patient_543,slide_543
/BCNB/WSIs/542.jpg,542,542,1,patient_544,slide_544
/BCNB/WSIs/543.jpg,543,543,1,patient_545,slide_545
/BCNB/WSIs/544.jpg,544,544,1,patient_546,slide_546
/BCNB/WSIs/545.jpg,545,545,1,patient_547,slide_547
/BCNB/WSIs/546.jpg,546,546,1,patient_548,slide_548
/BCNB/WSIs/547.jpg,547,547,0,patient_549,slide_549
/BCNB/WSIs/548.jpg,548,548,1,patient_550,slide_550
/BCNB/WSIs/549.jpg,549,549,1,patient_551,slide_551
/BCNB/WSIs/55.jpg,55,55,1,patient_552,slide_552
/BCNB/WSIs/550.jpg,550,550,1,patient_553,slide_553
/BCNB/WSIs/551.jpg,551,551,1,patient_554,slide_554
/BCNB/WSIs/552.jpg,552,552,1,patient_555,slide_555
/BCNB/WSIs/553.jpg,553,553,0,patient_556,slide_556
/BCNB/WSIs/554.jpg,554,554,1,patient_557,slide_557
/BCNB/WSIs/555.jpg,555,555,1,patient_558,slide_558
/BCNB/WSIs/556.jpg,556,556,0,patient_559,slide_559
/BCNB/WSIs/557.jpg,557,557,1,patient_560,slide_560
/BCNB/WSIs/558.jpg,558,558,1,patient_561,slide_561
/BCNB/WSIs/559.jpg,559,559,0,patient_562,slide_562
/BCNB/WSIs/56.jpg,56,56,1,patient_563,slide_563
/BCNB/WSIs/560.jpg,560,560,1,patient_564,slide_564
/BCNB/WSIs/561.jpg,561,561,1,patient_565,slide_565
/BCNB/WSIs/562.jpg,562,562,1,patient_566,slide_566
/BCNB/WSIs/563.jpg,563,563,1,patient_567,slide_567
/BCNB/WSIs/564.jpg,564,564,1,patient_568,slide_568
/BCNB/WSIs/565.jpg,565,565,1,patient_569,slide_569
/BCNB/WSIs/566.jpg,566,566,0,patient_570,slide_570
/BCNB/WSIs/567.jpg,567,567,1,patient_571,slide_571
/BCNB/WSIs/568.jpg,568,568,0,patient_572,slide_572
/BCNB/WSIs/569.jpg,569,569,1,patient_573,slide_573
/BCNB/WSIs/57.jpg,57,57,0,patient_574,slide_574
/BCNB/WSIs/570.jpg,570,570,1,patient_575,slide_575
/BCNB/WSIs/571.jpg,571,571,0,patient_576,slide_576
/BCNB/WSIs/572.jpg,572,572,1,patient_577,slide_577
/BCNB/WSIs/573.jpg,573,573,1,patient_578,slide_578
/BCNB/WSIs/574.jpg,574,574,1,patient_579,slide_579
/BCNB/WSIs/575.jpg,575,575,0,patient_580,slide_580
/BCNB/WSIs/576.jpg,576,576,1,patient_581,slide_581
/BCNB/WSIs/577.jpg,577,577,1,patient_582,slide_582
/BCNB/WSIs/578.jpg,578,578,1,patient_583,slide_583
/BCNB/WSIs/579.jpg,579,579,1,patient_584,slide_584
/BCNB/WSIs/58.jpg,58,58,1,patient_585,slide_585
/BCNB/WSIs/580.jpg,580,580,1,patient_586,slide_586
/BCNB/WSIs/581.jpg,581,581,1,patient_587,slide_587
/BCNB/WSIs/582.jpg,582,582,0,patient_588,slide_588
/BCNB/WSIs/583.jpg,583,583,1,patient_589,slide_589
/BCNB/WSIs/584.jpg,584,584,1,patient_590,slide_590
/BCNB/WSIs/585.jpg,585,585,1,patient_591,slide_591
/BCNB/WSIs/586.jpg,586,586,1,patient_592,slide_592
/BCNB/WSIs/587.jpg,587,587,0,patient_593,slide_593
/BCNB/WSIs/589.jpg,589,589,1,patient_594,slide_594
/BCNB/WSIs/59.jpg,59,59,1,patient_595,slide_595
/BCNB/WSIs/590.jpg,590,590,0,patient_596,slide_596
/BCNB/WSIs/591.jpg,591,591,1,patient_597,slide_597
/BCNB/WSIs/592.jpg,592,592,1,patient_598,slide_598
/BCNB/WSIs/593.jpg,593,593,1,patient_599,slide_599
/BCNB/WSIs/594.jpg,594,594,1,patient_600,slide_600
/BCNB/WSIs/595.jpg,595,595,1,patient_601,slide_601
/BCNB/WSIs/596.jpg,596,596,1,patient_602,slide_602
/BCNB/WSIs/597.jpg,597,597,1,patient_603,slide_603
/BCNB/WSIs/598.jpg,598,598,1,patient_604,slide_604
/BCNB/WSIs/599.jpg,599,599,1,patient_605,slide_605
/BCNB/WSIs/6.jpg,6,6,0,patient_606,slide_606
/BCNB/WSIs/60.jpg,60,60,1,patient_607,slide_607
/BCNB/WSIs/600.jpg,600,600,1,patient_608,slide_608
/BCNB/WSIs/601.jpg,601,601,0,patient_609,slide_609
/BCNB/WSIs/602.jpg,602,602,1,patient_610,slide_610
/BCNB/WSIs/603.jpg,603,603,0,patient_611,slide_611
/BCNB/WSIs/604.jpg,604,604,0,patient_612,slide_612
/BCNB/WSIs/605.jpg,605,605,1,patient_613,slide_613
/BCNB/WSIs/606.jpg,606,606,0,patient_614,slide_614
/BCNB/WSIs/607.jpg,607,607,1,patient_615,slide_615
/BCNB/WSIs/608.jpg,608,608,1,patient_616,slide_616
/BCNB/WSIs/609.jpg,609,609,1,patient_617,slide_617
/BCNB/WSIs/61.jpg,61,61,1,patient_618,slide_618
/BCNB/WSIs/610.jpg,610,610,1,patient_619,slide_619
/BCNB/WSIs/611.jpg,611,611,1,patient_620,slide_620
/BCNB/WSIs/612.jpg,612,612,1,patient_621,slide_621
/BCNB/WSIs/614.jpg,614,614,0,patient_622,slide_622
/BCNB/WSIs/615.jpg,615,615,1,patient_623,slide_623
/BCNB/WSIs/616.jpg,616,616,1,patient_624,slide_624
/BCNB/WSIs/617.jpg,617,617,1,patient_625,slide_625
/BCNB/WSIs/618.jpg,618,618,1,patient_626,slide_626
/BCNB/WSIs/619.jpg,619,619,0,patient_627,slide_627
/BCNB/WSIs/620.jpg,620,620,1,patient_628,slide_628
/BCNB/WSIs/621.jpg,621,621,0,patient_629,slide_629
/BCNB/WSIs/622.jpg,622,622,1,patient_630,slide_630
/BCNB/WSIs/623.jpg,623,623,0,patient_631,slide_631
/BCNB/WSIs/624.jpg,624,624,1,patient_632,slide_632
/BCNB/WSIs/625.jpg,625,625,1,patient_633,slide_633
/BCNB/WSIs/626.jpg,626,626,1,patient_634,slide_634
/BCNB/WSIs/627.jpg,627,627,0,patient_635,slide_635
/BCNB/WSIs/628.jpg,628,628,1,patient_636,slide_636
/BCNB/WSIs/629.jpg,629,629,1,patient_637,slide_637
/BCNB/WSIs/63.jpg,63,63,1,patient_638,slide_638
/BCNB/WSIs/630.jpg,630,630,1,patient_639,slide_639
/BCNB/WSIs/631.jpg,631,631,1,patient_640,slide_640
/BCNB/WSIs/632.jpg,632,632,1,patient_641,slide_641
/BCNB/WSIs/633.jpg,633,633,1,patient_642,slide_642
/BCNB/WSIs/634.jpg,634,634,1,patient_643,slide_643
/BCNB/WSIs/635.jpg,635,635,0,patient_644,slide_644
/BCNB/WSIs/636.jpg,636,636,1,patient_645,slide_645
/BCNB/WSIs/637.jpg,637,637,1,patient_646,slide_646
/BCNB/WSIs/638.jpg,638,638,1,patient_647,slide_647
/BCNB/WSIs/639.jpg,639,639,1,patient_648,slide_648
/BCNB/WSIs/64.jpg,64,64,0,patient_649,slide_649
/BCNB/WSIs/640.jpg,640,640,0,patient_650,slide_650
/BCNB/WSIs/641.jpg,641,641,0,patient_651,slide_651
/BCNB/WSIs/642.jpg,642,642,1,patient_652,slide_652
/BCNB/WSIs/643.jpg,643,643,1,patient_653,slide_653
/BCNB/WSIs/644.jpg,644,644,1,patient_654,slide_654
/BCNB/WSIs/645.jpg,645,645,1,patient_655,slide_655
/BCNB/WSIs/646.jpg,646,646,0,patient_656,slide_656
/BCNB/WSIs/647.jpg,647,647,1,patient_657,slide_657
/BCNB/WSIs/649.jpg,649,649,1,patient_658,slide_658
/BCNB/WSIs/65.jpg,65,65,1,patient_659,slide_659
/BCNB/WSIs/650.jpg,650,650,1,patient_660,slide_660
/BCNB/WSIs/651.jpg,651,651,1,patient_661,slide_661
/BCNB/WSIs/652.jpg,652,652,1,patient_662,slide_662
/BCNB/WSIs/653.jpg,653,653,1,patient_663,slide_663
/BCNB/WSIs/654.jpg,654,654,1,patient_664,slide_664
/BCNB/WSIs/655.jpg,655,655,1,patient_665,slide_665
/BCNB/WSIs/657.jpg,657,657,1,patient_666,slide_666
/BCNB/WSIs/658.jpg,658,658,0,patient_667,slide_667
/BCNB/WSIs/659.jpg,659,659,1,patient_668,slide_668
/BCNB/WSIs/66.jpg,66,66,1,patient_669,slide_669
/BCNB/WSIs/660.jpg,660,660,1,patient_670,slide_670
/BCNB/WSIs/661.jpg,661,661,0,patient_671,slide_671
/BCNB/WSIs/662.jpg,662,662,1,patient_672,slide_672
/BCNB/WSIs/663.jpg,663,663,1,patient_673,slide_673
/BCNB/WSIs/664.jpg,664,664,1,patient_674,slide_674
/BCNB/WSIs/665.jpg,665,665,1,patient_675,slide_675
/BCNB/WSIs/666.jpg,666,666,1,patient_676,slide_676
/BCNB/WSIs/667.jpg,667,667,1,patient_677,slide_677
/BCNB/WSIs/669.jpg,669,669,1,patient_678,slide_678
/BCNB/WSIs/67.jpg,67,67,1,patient_679,slide_679
/BCNB/WSIs/670.jpg,670,670,1,patient_680,slide_680
/BCNB/WSIs/671.jpg,671,671,1,patient_681,slide_681
/BCNB/WSIs/672.jpg,672,672,1,patient_682,slide_682
/BCNB/WSIs/673.jpg,673,673,0,patient_683,slide_683
/BCNB/WSIs/675.jpg,675,675,1,patient_684,slide_684
/BCNB/WSIs/676.jpg,676,676,1,patient_685,slide_685
/BCNB/WSIs/677.jpg,677,677,1,patient_686,slide_686
/BCNB/WSIs/678.jpg,678,678,1,patient_687,slide_687
/BCNB/WSIs/679.jpg,679,679,1,patient_688,slide_688
/BCNB/WSIs/68.jpg,68,68,1,patient_689,slide_689
/BCNB/WSIs/680.jpg,680,680,1,patient_690,slide_690
/BCNB/WSIs/681.jpg,681,681,0,patient_691,slide_691
/BCNB/WSIs/682.jpg,682,682,0,patient_692,slide_692
/BCNB/WSIs/683.jpg,683,683,1,patient_693,slide_693
/BCNB/WSIs/684.jpg,684,684,1,patient_694,slide_694
/BCNB/WSIs/685.jpg,685,685,1,patient_695,slide_695
/BCNB/WSIs/686.jpg,686,686,1,patient_696,slide_696
/BCNB/WSIs/687.jpg,687,687,0,patient_697,slide_697
/BCNB/WSIs/688.jpg,688,688,1,patient_698,slide_698
/BCNB/WSIs/689.jpg,689,689,1,patient_699,slide_699
/BCNB/WSIs/69.jpg,69,69,0,patient_700,slide_700
/BCNB/WSIs/690.jpg,690,690,1,patient_701,slide_701
/BCNB/WSIs/691.jpg,691,691,1,patient_702,slide_702
/BCNB/WSIs/692.jpg,692,692,0,patient_703,slide_703
/BCNB/WSIs/693.jpg,693,693,1,patient_704,slide_704
/BCNB/WSIs/694.jpg,694,694,1,patient_705,slide_705
/BCNB/WSIs/695.jpg,695,695,0,patient_706,slide_706
/BCNB/WSIs/696.jpg,696,696,0,patient_707,slide_707
/BCNB/WSIs/697.jpg,697,697,1,patient_708,slide_708
/BCNB/WSIs/698.jpg,698,698,1,patient_709,slide_709
/BCNB/WSIs/699.jpg,699,699,1,patient_710,slide_710
/BCNB/WSIs/7.jpg,7,7,1,patient_711,slide_711
/BCNB/WSIs/70.jpg,70,70,1,patient_712,slide_712
/BCNB/WSIs/700.jpg,700,700,1,patient_713,slide_713
/BCNB/WSIs/701.jpg,701,701,1,patient_714,slide_714
/BCNB/WSIs/702.jpg,702,702,1,patient_715,slide_715
/BCNB/WSIs/703.jpg,703,703,0,patient_716,slide_716
/BCNB/WSIs/704.jpg,704,704,1,patient_717,slide_717
/BCNB/WSIs/705.jpg,705,705,1,patient_718,slide_718
/BCNB/WSIs/706.jpg,706,706,1,patient_719,slide_719
/BCNB/WSIs/707.jpg,707,707,1,patient_720,slide_720
/BCNB/WSIs/708.jpg,708,708,1,patient_721,slide_721
/BCNB/WSIs/709.jpg,709,709,1,patient_722,slide_722
/BCNB/WSIs/71.jpg,71,71,1,patient_723,slide_723
/BCNB/WSIs/710.jpg,710,710,1,patient_724,slide_724
/BCNB/WSIs/711.jpg,711,711,1,patient_725,slide_725
/BCNB/WSIs/713.jpg,713,713,1,patient_726,slide_726
/BCNB/WSIs/714.jpg,714,714,1,patient_727,slide_727
/BCNB/WSIs/715.jpg,715,715,1,patient_728,slide_728
/BCNB/WSIs/716.jpg,716,716,1,patient_729,slide_729
/BCNB/WSIs/717.jpg,717,717,1,patient_730,slide_730
/BCNB/WSIs/718.jpg,718,718,1,patient_731,slide_731
/BCNB/WSIs/719.jpg,719,719,1,patient_732,slide_732
/BCNB/WSIs/72.jpg,72,72,1,patient_733,slide_733
/BCNB/WSIs/720.jpg,720,720,1,patient_734,slide_734
/BCNB/WSIs/721.jpg,721,721,1,patient_735,slide_735
/BCNB/WSIs/722.jpg,722,722,1,patient_736,slide_736
/BCNB/WSIs/723.jpg,723,723,1,patient_737,slide_737
/BCNB/WSIs/724.jpg,724,724,0,patient_738,slide_738
/BCNB/WSIs/725.jpg,725,725,1,patient_739,slide_739
/BCNB/WSIs/726.jpg,726,726,1,patient_740,slide_740
/BCNB/WSIs/727.jpg,727,727,1,patient_741,slide_741
/BCNB/WSIs/728.jpg,728,728,0,patient_742,slide_742
/BCNB/WSIs/73.jpg,73,73,1,patient_743,slide_743
/BCNB/WSIs/730.jpg,730,730,0,patient_744,slide_744
/BCNB/WSIs/731.jpg,731,731,1,patient_745,slide_745
/BCNB/WSIs/732.jpg,732,732,1,patient_746,slide_746
/BCNB/WSIs/733.jpg,733,733,1,patient_747,slide_747
/BCNB/WSIs/734.jpg,734,734,1,patient_748,slide_748
/BCNB/WSIs/735.jpg,735,735,1,patient_749,slide_749
/BCNB/WSIs/736.jpg,736,736,1,patient_750,slide_750
/BCNB/WSIs/738.jpg,738,738,1,patient_751,slide_751
/BCNB/WSIs/739.jpg,739,739,1,patient_752,slide_752
/BCNB/WSIs/74.jpg,74,74,1,patient_753,slide_753
/BCNB/WSIs/740.jpg,740,740,1,patient_754,slide_754
/BCNB/WSIs/741.jpg,741,741,0,patient_755,slide_755
/BCNB/WSIs/742.jpg,742,742,1,patient_756,slide_756
/BCNB/WSIs/743.jpg,743,743,0,patient_757,slide_757
/BCNB/WSIs/745.jpg,745,745,1,patient_758,slide_758
/BCNB/WSIs/746.jpg,746,746,0,patient_759,slide_759
/BCNB/WSIs/747.jpg,747,747,1,patient_760,slide_760
/BCNB/WSIs/748.jpg,748,748,1,patient_761,slide_761
/BCNB/WSIs/749.jpg,749,749,1,patient_762,slide_762
/BCNB/WSIs/75.jpg,75,75,1,patient_763,slide_763
/BCNB/WSIs/750.jpg,750,750,1,patient_764,slide_764
/BCNB/WSIs/751.jpg,751,751,1,patient_765,slide_765
/BCNB/WSIs/752.jpg,752,752,1,patient_766,slide_766
/BCNB/WSIs/753.jpg,753,753,1,patient_767,slide_767
/BCNB/WSIs/754.jpg,754,754,1,patient_768,slide_768
/BCNB/WSIs/755.jpg,755,755,1,patient_769,slide_769
/BCNB/WSIs/756.jpg,756,756,1,patient_770,slide_770
/BCNB/WSIs/757.jpg,757,757,1,patient_771,slide_771
/BCNB/WSIs/758.jpg,758,758,0,patient_772,slide_772
/BCNB/WSIs/759.jpg,759,759,1,patient_773,slide_773
/BCNB/WSIs/76.jpg,76,76,1,patient_774,slide_774
/BCNB/WSIs/760.jpg,760,760,0,patient_775,slide_775
/BCNB/WSIs/761.jpg,761,761,1,patient_776,slide_776
/BCNB/WSIs/762.jpg,762,762,1,patient_777,slide_777
/BCNB/WSIs/763.jpg,763,763,1,patient_778,slide_778
/BCNB/WSIs/764.jpg,764,764,0,patient_779,slide_779
/BCNB/WSIs/765.jpg,765,765,1,patient_780,slide_780
/BCNB/WSIs/766.jpg,766,766,1,patient_781,slide_781
/BCNB/WSIs/767.jpg,767,767,1,patient_782,slide_782
/BCNB/WSIs/768.jpg,768,768,1,patient_783,slide_783
/BCNB/WSIs/769.jpg,769,769,1,patient_784,slide_784
/BCNB/WSIs/77.jpg,77,77,0,patient_785,slide_785
/BCNB/WSIs/770.jpg,770,770,1,patient_786,slide_786
/BCNB/WSIs/771.jpg,771,771,0,patient_787,slide_787
/BCNB/WSIs/772.jpg,772,772,1,patient_788,slide_788
/BCNB/WSIs/773.jpg,773,773,1,patient_789,slide_789
/BCNB/WSIs/774.jpg,774,774,0,patient_790,slide_790
/BCNB/WSIs/775.jpg,775,775,1,patient_791,slide_791
/BCNB/WSIs/776.jpg,776,776,1,patient_792,slide_792
/BCNB/WSIs/777.jpg,777,777,0,patient_793,slide_793
/BCNB/WSIs/778.jpg,778,778,1,patient_794,slide_794
/BCNB/WSIs/779.jpg,779,779,1,patient_795,slide_795
/BCNB/WSIs/78.jpg,78,78,1,patient_796,slide_796
/BCNB/WSIs/780.jpg,780,780,1,patient_797,slide_797
/BCNB/WSIs/781.jpg,781,781,1,patient_798,slide_798
/BCNB/WSIs/782.jpg,782,782,0,patient_799,slide_799
/BCNB/WSIs/783.jpg,783,783,0,patient_800,slide_800
/BCNB/WSIs/784.jpg,784,784,1,patient_801,slide_801
/BCNB/WSIs/785.jpg,785,785,1,patient_802,slide_802
/BCNB/WSIs/786.jpg,786,786,1,patient_803,slide_803
/BCNB/WSIs/787.jpg,787,787,1,patient_804,slide_804
/BCNB/WSIs/788.jpg,788,788,1,patient_805,slide_805
/BCNB/WSIs/789.jpg,789,789,1,patient_806,slide_806
/BCNB/WSIs/79.jpg,79,79,1,patient_807,slide_807
/BCNB/WSIs/790.jpg,790,790,1,patient_808,slide_808
/BCNB/WSIs/791.jpg,791,791,1,patient_809,slide_809
/BCNB/WSIs/792.jpg,792,792,1,patient_810,slide_810
/BCNB/WSIs/794.jpg,794,794,0,patient_811,slide_811
/BCNB/WSIs/795.jpg,795,795,1,patient_812,slide_812
/BCNB/WSIs/796.jpg,796,796,1,patient_813,slide_813
/BCNB/WSIs/797.jpg,797,797,1,patient_814,slide_814
/BCNB/WSIs/798.jpg,798,798,1,patient_815,slide_815
/BCNB/WSIs/799.jpg,799,799,1,patient_816,slide_816
/BCNB/WSIs/8.jpg,8,8,1,patient_817,slide_817
/BCNB/WSIs/80.jpg,80,80,0,patient_818,slide_818
/BCNB/WSIs/800.jpg,800,800,1,patient_819,slide_819
/BCNB/WSIs/801.jpg,801,801,1,patient_820,slide_820
/BCNB/WSIs/804.jpg,804,804,1,patient_821,slide_821
/BCNB/WSIs/805.jpg,805,805,1,patient_822,slide_822
/BCNB/WSIs/806.jpg,806,806,1,patient_823,slide_823
/BCNB/WSIs/807.jpg,807,807,0,patient_824,slide_824
/BCNB/WSIs/808.jpg,808,808,1,patient_825,slide_825
/BCNB/WSIs/809.jpg,809,809,0,patient_826,slide_826
/BCNB/WSIs/81.jpg,81,81,1,patient_827,slide_827
/BCNB/WSIs/810.jpg,810,810,1,patient_828,slide_828
/BCNB/WSIs/811.jpg,811,811,1,patient_829,slide_829
/BCNB/WSIs/812.jpg,812,812,1,patient_830,slide_830
/BCNB/WSIs/813.jpg,813,813,0,patient_831,slide_831
/BCNB/WSIs/814.jpg,814,814,1,patient_832,slide_832
/BCNB/WSIs/815.jpg,815,815,1,patient_833,slide_833
/BCNB/WSIs/816.jpg,816,816,0,patient_834,slide_834
/BCNB/WSIs/817.jpg,817,817,0,patient_835,slide_835
/BCNB/WSIs/818.jpg,818,818,1,patient_836,slide_836
/BCNB/WSIs/819.jpg,819,819,1,patient_837,slide_837
/BCNB/WSIs/82.jpg,82,82,1,patient_838,slide_838
/BCNB/WSIs/820.jpg,820,820,1,patient_839,slide_839
/BCNB/WSIs/821.jpg,821,821,1,patient_840,slide_840
/BCNB/WSIs/822.jpg,822,822,1,patient_841,slide_841
/BCNB/WSIs/823.jpg,823,823,1,patient_842,slide_842
/BCNB/WSIs/824.jpg,824,824,1,patient_843,slide_843
/BCNB/WSIs/825.jpg,825,825,1,patient_844,slide_844
/BCNB/WSIs/826.jpg,826,826,1,patient_845,slide_845
/BCNB/WSIs/827.jpg,827,827,1,patient_846,slide_846
/BCNB/WSIs/828.jpg,828,828,0,patient_847,slide_847
/BCNB/WSIs/829.jpg,829,829,1,patient_848,slide_848
/BCNB/WSIs/83.jpg,83,83,1,patient_849,slide_849
/BCNB/WSIs/830.jpg,830,830,1,patient_850,slide_850
/BCNB/WSIs/831.jpg,831,831,0,patient_851,slide_851
/BCNB/WSIs/832.jpg,832,832,1,patient_852,slide_852
/BCNB/WSIs/833.jpg,833,833,1,patient_853,slide_853
/BCNB/WSIs/834.jpg,834,834,0,patient_854,slide_854
/BCNB/WSIs/835.jpg,835,835,1,patient_855,slide_855
/BCNB/WSIs/836.jpg,836,836,1,patient_856,slide_856
/BCNB/WSIs/837.jpg,837,837,1,patient_857,slide_857
/BCNB/WSIs/838.jpg,838,838,1,patient_858,slide_858
/BCNB/WSIs/839.jpg,839,839,1,patient_859,slide_859
/BCNB/WSIs/84.jpg,84,84,0,patient_860,slide_860
/BCNB/WSIs/840.jpg,840,840,0,patient_861,slide_861
/BCNB/WSIs/841.jpg,841,841,1,patient_862,slide_862
/BCNB/WSIs/842.jpg,842,842,0,patient_863,slide_863
/BCNB/WSIs/843.jpg,843,843,1,patient_864,slide_864
/BCNB/WSIs/844.jpg,844,844,0,patient_865,slide_865
/BCNB/WSIs/845.jpg,845,845,1,patient_866,slide_866
/BCNB/WSIs/847.jpg,847,847,0,patient_867,slide_867
/BCNB/WSIs/848.jpg,848,848,1,patient_868,slide_868
/BCNB/WSIs/849.jpg,849,849,1,patient_869,slide_869
/BCNB/WSIs/85.jpg,85,85,1,patient_870,slide_870
/BCNB/WSIs/850.jpg,850,850,1,patient_871,slide_871
/BCNB/WSIs/851.jpg,851,851,1,patient_872,slide_872
/BCNB/WSIs/853.jpg,853,853,1,patient_873,slide_873
/BCNB/WSIs/854.jpg,854,854,0,patient_874,slide_874
/BCNB/WSIs/855.jpg,855,855,1,patient_875,slide_875
/BCNB/WSIs/856.jpg,856,856,1,patient_876,slide_876
/BCNB/WSIs/857.jpg,857,857,1,patient_877,slide_877
/BCNB/WSIs/858.jpg,858,858,1,patient_878,slide_878
/BCNB/WSIs/859.jpg,859,859,1,patient_879,slide_879
/BCNB/WSIs/86.jpg,86,86,1,patient_880,slide_880
/BCNB/WSIs/860.jpg,860,860,1,patient_881,slide_881
/BCNB/WSIs/861.jpg,861,861,1,patient_882,slide_882
/BCNB/WSIs/862.jpg,862,862,1,patient_883,slide_883
/BCNB/WSIs/863.jpg,863,863,1,patient_884,slide_884
/BCNB/WSIs/864.jpg,864,864,0,patient_885,slide_885
/BCNB/WSIs/865.jpg,865,865,0,patient_886,slide_886
/BCNB/WSIs/866.jpg,866,866,0,patient_887,slide_887
/BCNB/WSIs/867.jpg,867,867,1,patient_888,slide_888
/BCNB/WSIs/868.jpg,868,868,1,patient_889,slide_889
/BCNB/WSIs/869.jpg,869,869,1,patient_890,slide_890
/BCNB/WSIs/87.jpg,87,87,1,patient_891,slide_891
/BCNB/WSIs/870.jpg,870,870,0,patient_892,slide_892
/BCNB/WSIs/871.jpg,871,871,1,patient_893,slide_893
/BCNB/WSIs/872.jpg,872,872,0,patient_894,slide_894
/BCNB/WSIs/873.jpg,873,873,1,patient_895,slide_895
/BCNB/WSIs/874.jpg,874,874,1,patient_896,slide_896
/BCNB/WSIs/875.jpg,875,875,1,patient_897,slide_897
/BCNB/WSIs/876.jpg,876,876,1,patient_898,slide_898
/BCNB/WSIs/877.jpg,877,877,1,patient_899,slide_899
/BCNB/WSIs/878.jpg,878,878,1,patient_900,slide_900
/BCNB/WSIs/879.jpg,879,879,0,patient_901,slide_901
/BCNB/WSIs/88.jpg,88,88,1,patient_902,slide_902
/BCNB/WSIs/881.jpg,881,881,0,patient_903,slide_903
/BCNB/WSIs/882.jpg,882,882,1,patient_904,slide_904
/BCNB/WSIs/883.jpg,883,883,1,patient_905,slide_905
/BCNB/WSIs/884.jpg,884,884,1,patient_906,slide_906
/BCNB/WSIs/885.jpg,885,885,1,patient_907,slide_907
/BCNB/WSIs/886.jpg,886,886,1,patient_908,slide_908
/BCNB/WSIs/887.jpg,887,887,1,patient_909,slide_909
/BCNB/WSIs/888.jpg,888,888,0,patient_910,slide_910
/BCNB/WSIs/889.jpg,889,889,1,patient_911,slide_911
/BCNB/WSIs/89.jpg,89,89,1,patient_912,slide_912
/BCNB/WSIs/890.jpg,890,890,1,patient_913,slide_913
/BCNB/WSIs/891.jpg,891,891,1,patient_914,slide_914
/BCNB/WSIs/892.jpg,892,892,1,patient_915,slide_915
/BCNB/WSIs/893.jpg,893,893,1,patient_916,slide_916
/BCNB/WSIs/894.jpg,894,894,1,patient_917,slide_917
/BCNB/WSIs/895.jpg,895,895,1,patient_918,slide_918
/BCNB/WSIs/896.jpg,896,896,1,patient_919,slide_919
/BCNB/WSIs/897.jpg,897,897,1,patient_920,slide_920
/BCNB/WSIs/898.jpg,898,898,1,patient_921,slide_921
/BCNB/WSIs/899.jpg,899,899,1,patient_922,slide_922
/BCNB/WSIs/9.jpg,9,9,1,patient_923,slide_923
/BCNB/WSIs/90.jpg,90,90,1,patient_924,slide_924
/BCNB/WSIs/900.jpg,900,900,0,patient_925,slide_925
/BCNB/WSIs/901.jpg,901,901,1,patient_926,slide_926
/BCNB/WSIs/902.jpg,902,902,1,patient_927,slide_927
/BCNB/WSIs/903.jpg,903,903,1,patient_928,slide_928
/BCNB/WSIs/904.jpg,904,904,0,patient_929,slide_929
/BCNB/WSIs/905.jpg,905,905,1,patient_930,slide_930
/BCNB/WSIs/906.jpg,906,906,1,patient_931,slide_931
/BCNB/WSIs/907.jpg,907,907,1,patient_932,slide_932
/BCNB/WSIs/908.jpg,908,908,1,patient_933,slide_933
/BCNB/WSIs/909.jpg,909,909,1,patient_934,slide_934
/BCNB/WSIs/91.jpg,91,91,1,patient_935,slide_935
/BCNB/WSIs/910.jpg,910,910,0,patient_936,slide_936
/BCNB/WSIs/911.jpg,911,911,1,patient_937,slide_937
/BCNB/WSIs/912.jpg,912,912,1,patient_938,slide_938
/BCNB/WSIs/913.jpg,913,913,1,patient_939,slide_939
/BCNB/WSIs/914.jpg,914,914,1,patient_940,slide_940
/BCNB/WSIs/915.jpg,915,915,1,patient_941,slide_941
/BCNB/WSIs/916.jpg,916,916,1,patient_942,slide_942
/BCNB/WSIs/917.jpg,917,917,0,patient_943,slide_943
/BCNB/WSIs/919.jpg,919,919,1,patient_944,slide_944
/BCNB/WSIs/92.jpg,92,92,1,patient_945,slide_945
/BCNB/WSIs/920.jpg,920,920,1,patient_946,slide_946
/BCNB/WSIs/921.jpg,921,921,1,patient_947,slide_947
/BCNB/WSIs/922.jpg,922,922,1,patient_948,slide_948
/BCNB/WSIs/923.jpg,923,923,1,patient_949,slide_949
/BCNB/WSIs/924.jpg,924,924,0,patient_950,slide_950
/BCNB/WSIs/925.jpg,925,925,1,patient_951,slide_951
/BCNB/WSIs/926.jpg,926,926,1,patient_952,slide_952
/BCNB/WSIs/927.jpg,927,927,0,patient_953,slide_953
/BCNB/WSIs/928.jpg,928,928,1,patient_954,slide_954
/BCNB/WSIs/929.jpg,929,929,1,patient_955,slide_955
/BCNB/WSIs/93.jpg,93,93,1,patient_956,slide_956
/BCNB/WSIs/930.jpg,930,930,1,patient_957,slide_957
/BCNB/WSIs/931.jpg,931,931,1,patient_958,slide_958
/BCNB/WSIs/932.jpg,932,932,1,patient_959,slide_959
/BCNB/WSIs/933.jpg,933,933,1,patient_960,slide_960
/BCNB/WSIs/934.jpg,934,934,1,patient_961,slide_961
/BCNB/WSIs/935.jpg,935,935,1,patient_962,slide_962
/BCNB/WSIs/936.jpg,936,936,1,patient_963,slide_963
/BCNB/WSIs/937.jpg,937,937,1,patient_964,slide_964
/BCNB/WSIs/938.jpg,938,938,1,patient_965,slide_965
/BCNB/WSIs/939.jpg,939,939,0,patient_966,slide_966
/BCNB/WSIs/94.jpg,94,94,1,patient_967,slide_967
/BCNB/WSIs/940.jpg,940,940,1,patient_968,slide_968
/BCNB/WSIs/942.jpg,942,942,0,patient_969,slide_969
/BCNB/WSIs/943.jpg,943,943,1,patient_970,slide_970
/BCNB/WSIs/944.jpg,944,944,1,patient_971,slide_971
/BCNB/WSIs/945.jpg,945,945,1,patient_972,slide_972
/BCNB/WSIs/946.jpg,946,946,1,patient_973,slide_973
/BCNB/WSIs/947.jpg,947,947,1,patient_974,slide_974
/BCNB/WSIs/948.jpg,948,948,1,patient_975,slide_975
/BCNB/WSIs/949.jpg,949,949,1,patient_976,slide_976
/BCNB/WSIs/95.jpg,95,95,1,patient_977,slide_977
/BCNB/WSIs/950.jpg,950,950,1,patient_978,slide_978
/BCNB/WSIs/951.jpg,951,951,1,patient_979,slide_979
/BCNB/WSIs/952.jpg,952,952,1,patient_980,slide_980
/BCNB/WSIs/953.jpg,953,953,0,patient_981,slide_981
/BCNB/WSIs/954.jpg,954,954,0,patient_982,slide_982
/BCNB/WSIs/956.jpg,956,956,1,patient_983,slide_983
/BCNB/WSIs/957.jpg,957,957,1,patient_984,slide_984
/BCNB/WSIs/959.jpg,959,959,0,patient_985,slide_985
/BCNB/WSIs/96.jpg,96,96,0,patient_986,slide_986
/BCNB/WSIs/960.jpg,960,960,1,patient_987,slide_987
/BCNB/WSIs/961.jpg,961,961,0,patient_988,slide_988
/BCNB/WSIs/962.jpg,962,962,1,patient_989,slide_989
/BCNB/WSIs/963.jpg,963,963,1,patient_990,slide_990
/BCNB/WSIs/964.jpg,964,964,1,patient_991,slide_991
/BCNB/WSIs/965.jpg,965,965,1,patient_992,slide_992
/BCNB/WSIs/966.jpg,966,966,0,patient_993,slide_993
/BCNB/WSIs/967.jpg,967,967,1,patient_994,slide_994
/BCNB/WSIs/968.jpg,968,968,1,patient_995,slide_995
/BCNB/WSIs/969.jpg,969,969,0,patient_996,slide_996
/BCNB/WSIs/97.jpg,97,97,0,patient_997,slide_997
/BCNB/WSIs/970.jpg,970,970,1,patient_998,slide_998
/BCNB/WSIs/971.jpg,971,971,1,patient_999,slide_999
/BCNB/WSIs/972.jpg,972,972,1,patient_1000,slide_1000
/BCNB/WSIs/973.jpg,973,973,1,patient_1001,slide_1001
/BCNB/WSIs/974.jpg,974,974,1,patient_1002,slide_1002
/BCNB/WSIs/975.jpg,975,975,1,patient_1003,slide_1003
/BCNB/WSIs/976.jpg,976,976,1,patient_1004,slide_1004
/BCNB/WSIs/977.jpg,977,977,1,patient_1005,slide_1005
/BCNB/WSIs/978.jpg,978,978,1,patient_1006,slide_1006
/BCNB/WSIs/979.jpg,979,979,1,patient_1007,slide_1007
/BCNB/WSIs/980.jpg,980,980,1,patient_1008,slide_1008
/BCNB/WSIs/981.jpg,981,981,1,patient_1009,slide_1009
/BCNB/WSIs/982.jpg,982,982,1,patient_1010,slide_1010
/BCNB/WSIs/983.jpg,983,983,1,patient_1011,slide_1011
/BCNB/WSIs/984.jpg,984,984,1,patient_1012,slide_1012
/BCNB/WSIs/985.jpg,985,985,1,patient_1013,slide_1013
/BCNB/WSIs/986.jpg,986,986,1,patient_1014,slide_1014
/BCNB/WSIs/987.jpg,987,987,1,patient_1015,slide_1015
/BCNB/WSIs/988.jpg,988,988,1,patient_1016,slide_1016
/BCNB/WSIs/989.jpg,989,989,1,patient_1017,slide_1017
/BCNB/WSIs/99.jpg,99,99,1,patient_1018,slide_1018
/BCNB/WSIs/990.jpg,990,990,1,patient_1019,slide_1019
/BCNB/WSIs/992.jpg,992,992,1,patient_1020,slide_1020
/BCNB/WSIs/993.jpg,993,993,0,patient_1021,slide_1021
/BCNB/WSIs/994.jpg,994,994,0,patient_1022,slide_1022
/BCNB/WSIs/995.jpg,995,995,1,patient_1023,slide_1023
/BCNB/WSIs/996.jpg,996,996,0,patient_1024,slide_1024
/BCNB/WSIs/997.jpg,997,997,0,patient_1025,slide_1025
/BCNB/WSIs/998.jpg,998,998,0,patient_1026,slide_1026
/BCNB/WSIs/999.jpg,999,999,0,patient_1027,slide_1027
