slide_id_name,wsi_ID,patient_ID,label_name,label,case_id,slide_id
/bracs/BRACS_WSI/test/Group_AT/Type_ADH/BRACS_1003691.svs,BRACS_1003691,BRACS_1003691,Group_AT,0,patient_0,slide_0
/bracs/BRACS_WSI/test/Group_AT/Type_ADH/BRACS_1003694.svs,BRACS_1003694,BRACS_1003694,Group_AT,0,patient_1,slide_1
/bracs/BRACS_WSI/test/Group_AT/Type_ADH/BRACS_1228.svs,BRACS_1228,BRACS_1228,Group_AT,0,patient_2,slide_2
/bracs/BRACS_WSI/test/Group_AT/Type_ADH/BRACS_1503.svs,BRACS_1503,BRACS_1503,Group_AT,0,patient_3,slide_3
/bracs/BRACS_WSI/test/Group_AT/Type_ADH/BRACS_1589.svs,BRACS_1589,BRACS_1589,Group_AT,0,patient_4,slide_4
/bracs/BRACS_WSI/test/Group_AT/Type_ADH/BRACS_1825.svs,BRACS_1825,BRACS_1825,Group_AT,0,patient_5,slide_5
/bracs/BRACS_WSI/test/Group_AT/Type_ADH/BRACS_1844.svs,BRACS_1844,BRACS_1844,Group_AT,0,patient_6,slide_6
/bracs/BRACS_WSI/test/Group_AT/Type_ADH/BRACS_1849.svs,BRACS_1849,BRACS_1849,Group_AT,0,patient_7,slide_7
/bracs/BRACS_WSI/test/Group_AT/Type_ADH/BRACS_1856.svs,BRACS_1856,BRACS_1856,Group_AT,0,patient_8,slide_8
/bracs/BRACS_WSI/test/Group_AT/Type_ADH/BRACS_1892.svs,BRACS_1892,BRACS_1892,Group_AT,0,patient_9,slide_9
/bracs/BRACS_WSI/test/Group_AT/Type_ADH/BRACS_1895.svs,BRACS_1895,BRACS_1895,Group_AT,0,patient_10,slide_10
/bracs/BRACS_WSI/test/Group_AT/Type_ADH/BRACS_1938.svs,BRACS_1938,BRACS_1938,Group_AT,0,patient_11,slide_11
/bracs/BRACS_WSI/test/Group_AT/Type_FEA/BRACS_1813.svs,BRACS_1813,BRACS_1813,Group_AT,0,patient_12,slide_12
/bracs/BRACS_WSI/test/Group_AT/Type_FEA/BRACS_1814.svs,BRACS_1814,BRACS_1814,Group_AT,0,patient_13,slide_13
/bracs/BRACS_WSI/test/Group_AT/Type_FEA/BRACS_1936.svs,BRACS_1936,BRACS_1936,Group_AT,0,patient_14,slide_14
/bracs/BRACS_WSI/test/Group_AT/Type_FEA/BRACS_1937.svs,BRACS_1937,BRACS_1937,Group_AT,0,patient_15,slide_15
/bracs/BRACS_WSI/test/Group_AT/Type_FEA/BRACS_1941.svs,BRACS_1941,BRACS_1941,Group_AT,0,patient_16,slide_16
/bracs/BRACS_WSI/test/Group_AT/Type_FEA/BRACS_1943.svs,BRACS_1943,BRACS_1943,Group_AT,0,patient_17,slide_17
/bracs/BRACS_WSI/test/Group_AT/Type_FEA/BRACS_1944.svs,BRACS_1944,BRACS_1944,Group_AT,0,patient_18,slide_18
/bracs/BRACS_WSI/test/Group_AT/Type_FEA/BRACS_1954.svs,BRACS_1954,BRACS_1954,Group_AT,0,patient_19,slide_19
/bracs/BRACS_WSI/test/Group_AT/Type_FEA/BRACS_1955.svs,BRACS_1955,BRACS_1955,Group_AT,0,patient_20,slide_20
/bracs/BRACS_WSI/test/Group_AT/Type_FEA/BRACS_2007.svs,BRACS_2007,BRACS_2007,Group_AT,0,patient_21,slide_21
/bracs/BRACS_WSI/test/Group_AT/Type_FEA/BRACS_300.svs,BRACS_300,BRACS_300,Group_AT,0,patient_22,slide_22
/bracs/BRACS_WSI/test/Group_BT/Type_N/BRACS_1579.svs,BRACS_1579,BRACS_1579,Group_BT,1,patient_23,slide_23
/bracs/BRACS_WSI/test/Group_BT/Type_N/BRACS_1598.svs,BRACS_1598,BRACS_1598,Group_BT,1,patient_24,slide_24
/bracs/BRACS_WSI/test/Group_BT/Type_N/BRACS_1599.svs,BRACS_1599,BRACS_1599,Group_BT,1,patient_25,slide_25
/bracs/BRACS_WSI/test/Group_BT/Type_N/BRACS_1601.svs,BRACS_1601,BRACS_1601,Group_BT,1,patient_26,slide_26
/bracs/BRACS_WSI/test/Group_BT/Type_N/BRACS_1820.svs,BRACS_1820,BRACS_1820,Group_BT,1,patient_27,slide_27
/bracs/BRACS_WSI/test/Group_BT/Type_N/BRACS_1855.svs,BRACS_1855,BRACS_1855,Group_BT,1,patient_28,slide_28
/bracs/BRACS_WSI/test/Group_BT/Type_N/BRACS_3322.svs,BRACS_3322,BRACS_3322,Group_BT,1,patient_29,slide_29
/bracs/BRACS_WSI/test/Group_BT/Type_PB/BRACS_1330.svs,BRACS_1330,BRACS_1330,Group_BT,1,patient_30,slide_30
/bracs/BRACS_WSI/test/Group_BT/Type_PB/BRACS_1412.svs,BRACS_1412,BRACS_1412,Group_BT,1,patient_31,slide_31
/bracs/BRACS_WSI/test/Group_BT/Type_PB/BRACS_1842.svs,BRACS_1842,BRACS_1842,Group_BT,1,patient_32,slide_32
/bracs/BRACS_WSI/test/Group_BT/Type_PB/BRACS_1843.svs,BRACS_1843,BRACS_1843,Group_BT,1,patient_33,slide_33
/bracs/BRACS_WSI/test/Group_BT/Type_PB/BRACS_1845.svs,BRACS_1845,BRACS_1845,Group_BT,1,patient_34,slide_34
/bracs/BRACS_WSI/test/Group_BT/Type_PB/BRACS_1846.svs,BRACS_1846,BRACS_1846,Group_BT,1,patient_35,slide_35
/bracs/BRACS_WSI/test/Group_BT/Type_PB/BRACS_1847.svs,BRACS_1847,BRACS_1847,Group_BT,1,patient_36,slide_36
/bracs/BRACS_WSI/test/Group_BT/Type_PB/BRACS_1850.svs,BRACS_1850,BRACS_1850,Group_BT,1,patient_37,slide_37
/bracs/BRACS_WSI/test/Group_BT/Type_PB/BRACS_1851.svs,BRACS_1851,BRACS_1851,Group_BT,1,patient_38,slide_38
/bracs/BRACS_WSI/test/Group_BT/Type_PB/BRACS_1852.svs,BRACS_1852,BRACS_1852,Group_BT,1,patient_39,slide_39
/bracs/BRACS_WSI/test/Group_BT/Type_PB/BRACS_1870.svs,BRACS_1870,BRACS_1870,Group_BT,1,patient_40,slide_40
/bracs/BRACS_WSI/test/Group_BT/Type_PB/BRACS_1906.svs,BRACS_1906,BRACS_1906,Group_BT,1,patient_41,slide_41
/bracs/BRACS_WSI/test/Group_BT/Type_PB/BRACS_1940.svs,BRACS_1940,BRACS_1940,Group_BT,1,patient_42,slide_42
/bracs/BRACS_WSI/test/Group_BT/Type_PB/BRACS_1942.svs,BRACS_1942,BRACS_1942,Group_BT,1,patient_43,slide_43
/bracs/BRACS_WSI/test/Group_BT/Type_PB/BRACS_264.svs,BRACS_264,BRACS_264,Group_BT,1,patient_44,slide_44
/bracs/BRACS_WSI/test/Group_BT/Type_PB/BRACS_3324.svs,BRACS_3324,BRACS_3324,Group_BT,1,patient_45,slide_45
/bracs/BRACS_WSI/test/Group_BT/Type_UDH/BRACS_1334.svs,BRACS_1334,BRACS_1334,Group_BT,1,patient_46,slide_46
/bracs/BRACS_WSI/test/Group_BT/Type_UDH/BRACS_1416.svs,BRACS_1416,BRACS_1416,Group_BT,1,patient_47,slide_47
/bracs/BRACS_WSI/test/Group_BT/Type_UDH/BRACS_1619.svs,BRACS_1619,BRACS_1619,Group_BT,1,patient_48,slide_48
/bracs/BRACS_WSI/test/Group_BT/Type_UDH/BRACS_1821.svs,BRACS_1821,BRACS_1821,Group_BT,1,patient_49,slide_49
/bracs/BRACS_WSI/test/Group_BT/Type_UDH/BRACS_1824.svs,BRACS_1824,BRACS_1824,Group_BT,1,patient_50,slide_50
/bracs/BRACS_WSI/test/Group_BT/Type_UDH/BRACS_1848.svs,BRACS_1848,BRACS_1848,Group_BT,1,patient_51,slide_51
/bracs/BRACS_WSI/test/Group_BT/Type_UDH/BRACS_1853.svs,BRACS_1853,BRACS_1853,Group_BT,1,patient_52,slide_52
/bracs/BRACS_WSI/test/Group_BT/Type_UDH/BRACS_1896.svs,BRACS_1896,BRACS_1896,Group_BT,1,patient_53,slide_53
/bracs/BRACS_WSI/test/Group_BT/Type_UDH/BRACS_1952.svs,BRACS_1952,BRACS_1952,Group_BT,1,patient_54,slide_54
/bracs/BRACS_WSI/test/Group_MT/Type_DCIS/BRACS_1283.svs,BRACS_1283,BRACS_1283,Group_MT,2,patient_55,slide_55
/bracs/BRACS_WSI/test/Group_MT/Type_DCIS/BRACS_1473.svs,BRACS_1473,BRACS_1473,Group_MT,2,patient_56,slide_56
/bracs/BRACS_WSI/test/Group_MT/Type_DCIS/BRACS_1474.svs,BRACS_1474,BRACS_1474,Group_MT,2,patient_57,slide_57
/bracs/BRACS_WSI/test/Group_MT/Type_DCIS/BRACS_1476.svs,BRACS_1476,BRACS_1476,Group_MT,2,patient_58,slide_58
/bracs/BRACS_WSI/test/Group_MT/Type_DCIS/BRACS_1588.svs,BRACS_1588,BRACS_1588,Group_MT,2,patient_59,slide_59
/bracs/BRACS_WSI/test/Group_MT/Type_DCIS/BRACS_1597.svs,BRACS_1597,BRACS_1597,Group_MT,2,patient_60,slide_60
/bracs/BRACS_WSI/test/Group_MT/Type_DCIS/BRACS_1602.svs,BRACS_1602,BRACS_1602,Group_MT,2,patient_61,slide_61
/bracs/BRACS_WSI/test/Group_MT/Type_DCIS/BRACS_1867.svs,BRACS_1867,BRACS_1867,Group_MT,2,patient_62,slide_62
/bracs/BRACS_WSI/test/Group_MT/Type_DCIS/BRACS_1872.svs,BRACS_1872,BRACS_1872,Group_MT,2,patient_63,slide_63
/bracs/BRACS_WSI/test/Group_MT/Type_DCIS/BRACS_1878.svs,BRACS_1878,BRACS_1878,Group_MT,2,patient_64,slide_64
/bracs/BRACS_WSI/test/Group_MT/Type_DCIS/BRACS_1897.svs,BRACS_1897,BRACS_1897,Group_MT,2,patient_65,slide_65
/bracs/BRACS_WSI/test/Group_MT/Type_DCIS/BRACS_1945.svs,BRACS_1945,BRACS_1945,Group_MT,2,patient_66,slide_66
/bracs/BRACS_WSI/test/Group_MT/Type_IC/BRACS_1284.svs,BRACS_1284,BRACS_1284,Group_MT,2,patient_67,slide_67
/bracs/BRACS_WSI/test/Group_MT/Type_IC/BRACS_1286.svs,BRACS_1286,BRACS_1286,Group_MT,2,patient_68,slide_68
/bracs/BRACS_WSI/test/Group_MT/Type_IC/BRACS_1411.svs,BRACS_1411,BRACS_1411,Group_MT,2,patient_69,slide_69
/bracs/BRACS_WSI/test/Group_MT/Type_IC/BRACS_1413.svs,BRACS_1413,BRACS_1413,Group_MT,2,patient_70,slide_70
/bracs/BRACS_WSI/test/Group_MT/Type_IC/BRACS_1414.svs,BRACS_1414,BRACS_1414,Group_MT,2,patient_71,slide_71
/bracs/BRACS_WSI/test/Group_MT/Type_IC/BRACS_1578.svs,BRACS_1578,BRACS_1578,Group_MT,2,patient_72,slide_72
/bracs/BRACS_WSI/test/Group_MT/Type_IC/BRACS_1580.svs,BRACS_1580,BRACS_1580,Group_MT,2,patient_73,slide_73
/bracs/BRACS_WSI/test/Group_MT/Type_IC/BRACS_1587.svs,BRACS_1587,BRACS_1587,Group_MT,2,patient_74,slide_74
/bracs/BRACS_WSI/test/Group_MT/Type_IC/BRACS_1590.svs,BRACS_1590,BRACS_1590,Group_MT,2,patient_75,slide_75
/bracs/BRACS_WSI/test/Group_MT/Type_IC/BRACS_1817.svs,BRACS_1817,BRACS_1817,Group_MT,2,patient_76,slide_76
/bracs/BRACS_WSI/test/Group_MT/Type_IC/BRACS_1823.svs,BRACS_1823,BRACS_1823,Group_MT,2,patient_77,slide_77
/bracs/BRACS_WSI/test/Group_MT/Type_IC/BRACS_1826.svs,BRACS_1826,BRACS_1826,Group_MT,2,patient_78,slide_78
/bracs/BRACS_WSI/test/Group_MT/Type_IC/BRACS_1908.svs,BRACS_1908,BRACS_1908,Group_MT,2,patient_79,slide_79
/bracs/BRACS_WSI/test/Group_MT/Type_IC/BRACS_1910.svs,BRACS_1910,BRACS_1910,Group_MT,2,patient_80,slide_80
/bracs/BRACS_WSI/test/Group_MT/Type_IC/BRACS_286.svs,BRACS_286,BRACS_286,Group_MT,2,patient_81,slide_81
/bracs/BRACS_WSI/test/Group_MT/Type_IC/BRACS_292.svs,BRACS_292,BRACS_292,Group_MT,2,patient_82,slide_82
/bracs/BRACS_WSI/test/Group_MT/Type_IC/BRACS_301.svs,BRACS_301,BRACS_301,Group_MT,2,patient_83,slide_83
/bracs/BRACS_WSI/test/Group_MT/Type_IC/BRACS_305.svs,BRACS_305,BRACS_305,Group_MT,2,patient_84,slide_84
/bracs/BRACS_WSI/test/Group_MT/Type_IC/BRACS_310.svs,BRACS_310,BRACS_310,Group_MT,2,patient_85,slide_85
/bracs/BRACS_WSI/test/Group_MT/Type_IC/BRACS_3323.svs,BRACS_3323,BRACS_3323,Group_MT,2,patient_86,slide_86
/bracs/BRACS_WSI/train/Group_AT/Type_ADH/BRACS_1003728.svs,BRACS_1003728,BRACS_1003728,Group_AT,0,patient_87,slide_87
/bracs/BRACS_WSI/train/Group_AT/Type_ADH/BRACS_1379.svs,BRACS_1379,BRACS_1379,Group_AT,0,patient_88,slide_88
/bracs/BRACS_WSI/train/Group_AT/Type_ADH/BRACS_1486.svs,BRACS_1486,BRACS_1486,Group_AT,0,patient_89,slide_89
/bracs/BRACS_WSI/train/Group_AT/Type_ADH/BRACS_1494.svs,BRACS_1494,BRACS_1494,Group_AT,0,patient_90,slide_90
/bracs/BRACS_WSI/train/Group_AT/Type_ADH/BRACS_1499.svs,BRACS_1499,BRACS_1499,Group_AT,0,patient_91,slide_91
/bracs/BRACS_WSI/train/Group_AT/Type_ADH/BRACS_1616.svs,BRACS_1616,BRACS_1616,Group_AT,0,patient_92,slide_92
/bracs/BRACS_WSI/train/Group_AT/Type_ADH/BRACS_1622.svs,BRACS_1622,BRACS_1622,Group_AT,0,patient_93,slide_93
/bracs/BRACS_WSI/train/Group_AT/Type_ADH/BRACS_1794.svs,BRACS_1794,BRACS_1794,Group_AT,0,patient_94,slide_94
/bracs/BRACS_WSI/train/Group_AT/Type_ADH/BRACS_1795.svs,BRACS_1795,BRACS_1795,Group_AT,0,patient_95,slide_95
/bracs/BRACS_WSI/train/Group_AT/Type_ADH/BRACS_1808.svs,BRACS_1808,BRACS_1808,Group_AT,0,patient_96,slide_96
/bracs/BRACS_WSI/train/Group_AT/Type_ADH/BRACS_1860.svs,BRACS_1860,BRACS_1860,Group_AT,0,patient_97,slide_97
/bracs/BRACS_WSI/train/Group_AT/Type_ADH/BRACS_1861.svs,BRACS_1861,BRACS_1861,Group_AT,0,patient_98,slide_98
/bracs/BRACS_WSI/train/Group_AT/Type_ADH/BRACS_1863.svs,BRACS_1863,BRACS_1863,Group_AT,0,patient_99,slide_99
/bracs/BRACS_WSI/train/Group_AT/Type_ADH/BRACS_1877.svs,BRACS_1877,BRACS_1877,Group_AT,0,patient_100,slide_100
/bracs/BRACS_WSI/train/Group_AT/Type_ADH/BRACS_1882.svs,BRACS_1882,BRACS_1882,Group_AT,0,patient_101,slide_101
/bracs/BRACS_WSI/train/Group_AT/Type_ADH/BRACS_1899.svs,BRACS_1899,BRACS_1899,Group_AT,0,patient_102,slide_102
/bracs/BRACS_WSI/train/Group_AT/Type_ADH/BRACS_1911.svs,BRACS_1911,BRACS_1911,Group_AT,0,patient_103,slide_103
/bracs/BRACS_WSI/train/Group_AT/Type_ADH/BRACS_1912.svs,BRACS_1912,BRACS_1912,Group_AT,0,patient_104,slide_104
/bracs/BRACS_WSI/train/Group_AT/Type_ADH/BRACS_1913.svs,BRACS_1913,BRACS_1913,Group_AT,0,patient_105,slide_105
/bracs/BRACS_WSI/train/Group_AT/Type_ADH/BRACS_1915.svs,BRACS_1915,BRACS_1915,Group_AT,0,patient_106,slide_106
/bracs/BRACS_WSI/train/Group_AT/Type_ADH/BRACS_1922.svs,BRACS_1922,BRACS_1922,Group_AT,0,patient_107,slide_107
/bracs/BRACS_WSI/train/Group_AT/Type_ADH/BRACS_1925.svs,BRACS_1925,BRACS_1925,Group_AT,0,patient_108,slide_108
/bracs/BRACS_WSI/train/Group_AT/Type_ADH/BRACS_1932.svs,BRACS_1932,BRACS_1932,Group_AT,0,patient_109,slide_109
/bracs/BRACS_WSI/train/Group_AT/Type_ADH/BRACS_1933.svs,BRACS_1933,BRACS_1933,Group_AT,0,patient_110,slide_110
/bracs/BRACS_WSI/train/Group_AT/Type_ADH/BRACS_1934.svs,BRACS_1934,BRACS_1934,Group_AT,0,patient_111,slide_111
/bracs/BRACS_WSI/train/Group_AT/Type_ADH/BRACS_1969.svs,BRACS_1969,BRACS_1969,Group_AT,0,patient_112,slide_112
/bracs/BRACS_WSI/train/Group_AT/Type_ADH/BRACS_1987.svs,BRACS_1987,BRACS_1987,Group_AT,0,patient_113,slide_113
/bracs/BRACS_WSI/train/Group_AT/Type_ADH/BRACS_3318.svs,BRACS_3318,BRACS_3318,Group_AT,0,patient_114,slide_114
/bracs/BRACS_WSI/train/Group_AT/Type_FEA/BRACS_1003693.svs,BRACS_1003693,BRACS_1003693,Group_AT,0,patient_115,slide_115
/bracs/BRACS_WSI/train/Group_AT/Type_FEA/BRACS_1239.svs,BRACS_1239,BRACS_1239,Group_AT,0,patient_116,slide_116
/bracs/BRACS_WSI/train/Group_AT/Type_FEA/BRACS_1250.svs,BRACS_1250,BRACS_1250,Group_AT,0,patient_117,slide_117
/bracs/BRACS_WSI/train/Group_AT/Type_FEA/BRACS_1257.svs,BRACS_1257,BRACS_1257,Group_AT,0,patient_118,slide_118
/bracs/BRACS_WSI/train/Group_AT/Type_FEA/BRACS_1319.svs,BRACS_1319,BRACS_1319,Group_AT,0,patient_119,slide_119
/bracs/BRACS_WSI/train/Group_AT/Type_FEA/BRACS_1506.svs,BRACS_1506,BRACS_1506,Group_AT,0,patient_120,slide_120
/bracs/BRACS_WSI/train/Group_AT/Type_FEA/BRACS_1510.svs,BRACS_1510,BRACS_1510,Group_AT,0,patient_121,slide_121
/bracs/BRACS_WSI/train/Group_AT/Type_FEA/BRACS_1773.svs,BRACS_1773,BRACS_1773,Group_AT,0,patient_122,slide_122
/bracs/BRACS_WSI/train/Group_AT/Type_FEA/BRACS_1774.svs,BRACS_1774,BRACS_1774,Group_AT,0,patient_123,slide_123
/bracs/BRACS_WSI/train/Group_AT/Type_FEA/BRACS_1775.svs,BRACS_1775,BRACS_1775,Group_AT,0,patient_124,slide_124
/bracs/BRACS_WSI/train/Group_AT/Type_FEA/BRACS_1777.svs,BRACS_1777,BRACS_1777,Group_AT,0,patient_125,slide_125
/bracs/BRACS_WSI/train/Group_AT/Type_FEA/BRACS_1778.svs,BRACS_1778,BRACS_1778,Group_AT,0,patient_126,slide_126
/bracs/BRACS_WSI/train/Group_AT/Type_FEA/BRACS_1788.svs,BRACS_1788,BRACS_1788,Group_AT,0,patient_127,slide_127
/bracs/BRACS_WSI/train/Group_AT/Type_FEA/BRACS_1815.svs,BRACS_1815,BRACS_1815,Group_AT,0,patient_128,slide_128
/bracs/BRACS_WSI/train/Group_AT/Type_FEA/BRACS_1838.svs,BRACS_1838,BRACS_1838,Group_AT,0,patient_129,slide_129
/bracs/BRACS_WSI/train/Group_AT/Type_FEA/BRACS_1857.svs,BRACS_1857,BRACS_1857,Group_AT,0,patient_130,slide_130
/bracs/BRACS_WSI/train/Group_AT/Type_FEA/BRACS_1858.svs,BRACS_1858,BRACS_1858,Group_AT,0,patient_131,slide_131
/bracs/BRACS_WSI/train/Group_AT/Type_FEA/BRACS_1865.svs,BRACS_1865,BRACS_1865,Group_AT,0,patient_132,slide_132
/bracs/BRACS_WSI/train/Group_AT/Type_FEA/BRACS_1871.svs,BRACS_1871,BRACS_1871,Group_AT,0,patient_133,slide_133
/bracs/BRACS_WSI/train/Group_AT/Type_FEA/BRACS_1916.svs,BRACS_1916,BRACS_1916,Group_AT,0,patient_134,slide_134
/bracs/BRACS_WSI/train/Group_AT/Type_FEA/BRACS_1926.svs,BRACS_1926,BRACS_1926,Group_AT,0,patient_135,slide_135
/bracs/BRACS_WSI/train/Group_AT/Type_FEA/BRACS_1968.svs,BRACS_1968,BRACS_1968,Group_AT,0,patient_136,slide_136
/bracs/BRACS_WSI/train/Group_AT/Type_FEA/BRACS_1971.svs,BRACS_1971,BRACS_1971,Group_AT,0,patient_137,slide_137
/bracs/BRACS_WSI/train/Group_AT/Type_FEA/BRACS_743.svs,BRACS_743,BRACS_743,Group_AT,0,patient_138,slide_138
/bracs/BRACS_WSI/train/Group_BT/Type_N/BRACS_1003675.svs,BRACS_1003675,BRACS_1003675,Group_BT,1,patient_139,slide_139
/bracs/BRACS_WSI/train/Group_BT/Type_N/BRACS_1003713.svs,BRACS_1003713,BRACS_1003713,Group_BT,1,patient_140,slide_140
/bracs/BRACS_WSI/train/Group_BT/Type_N/BRACS_1003714.svs,BRACS_1003714,BRACS_1003714,Group_BT,1,patient_141,slide_141
/bracs/BRACS_WSI/train/Group_BT/Type_N/BRACS_1003715.svs,BRACS_1003715,BRACS_1003715,Group_BT,1,patient_142,slide_142
/bracs/BRACS_WSI/train/Group_BT/Type_N/BRACS_1003716.svs,BRACS_1003716,BRACS_1003716,Group_BT,1,patient_143,slide_143
/bracs/BRACS_WSI/train/Group_BT/Type_N/BRACS_1003718.svs,BRACS_1003718,BRACS_1003718,Group_BT,1,patient_144,slide_144
/bracs/BRACS_WSI/train/Group_BT/Type_N/BRACS_1267.svs,BRACS_1267,BRACS_1267,Group_BT,1,patient_145,slide_145
/bracs/BRACS_WSI/train/Group_BT/Type_N/BRACS_1269.svs,BRACS_1269,BRACS_1269,Group_BT,1,patient_146,slide_146
/bracs/BRACS_WSI/train/Group_BT/Type_N/BRACS_1378.svs,BRACS_1378,BRACS_1378,Group_BT,1,patient_147,slide_147
/bracs/BRACS_WSI/train/Group_BT/Type_N/BRACS_1385.svs,BRACS_1385,BRACS_1385,Group_BT,1,patient_148,slide_148
/bracs/BRACS_WSI/train/Group_BT/Type_N/BRACS_1386.svs,BRACS_1386,BRACS_1386,Group_BT,1,patient_149,slide_149
/bracs/BRACS_WSI/train/Group_BT/Type_N/BRACS_1401.svs,BRACS_1401,BRACS_1401,Group_BT,1,patient_150,slide_150
/bracs/BRACS_WSI/train/Group_BT/Type_N/BRACS_1403.svs,BRACS_1403,BRACS_1403,Group_BT,1,patient_151,slide_151
/bracs/BRACS_WSI/train/Group_BT/Type_N/BRACS_1405.svs,BRACS_1405,BRACS_1405,Group_BT,1,patient_152,slide_152
/bracs/BRACS_WSI/train/Group_BT/Type_N/BRACS_1507.svs,BRACS_1507,BRACS_1507,Group_BT,1,patient_153,slide_153
/bracs/BRACS_WSI/train/Group_BT/Type_N/BRACS_1513.svs,BRACS_1513,BRACS_1513,Group_BT,1,patient_154,slide_154
/bracs/BRACS_WSI/train/Group_BT/Type_N/BRACS_1641.svs,BRACS_1641,BRACS_1641,Group_BT,1,patient_155,slide_155
/bracs/BRACS_WSI/train/Group_BT/Type_N/BRACS_1645.svs,BRACS_1645,BRACS_1645,Group_BT,1,patient_156,slide_156
/bracs/BRACS_WSI/train/Group_BT/Type_N/BRACS_1658.svs,BRACS_1658,BRACS_1658,Group_BT,1,patient_157,slide_157
/bracs/BRACS_WSI/train/Group_BT/Type_N/BRACS_1973.svs,BRACS_1973,BRACS_1973,Group_BT,1,patient_158,slide_158
/bracs/BRACS_WSI/train/Group_BT/Type_N/BRACS_1998.svs,BRACS_1998,BRACS_1998,Group_BT,1,patient_159,slide_159
/bracs/BRACS_WSI/train/Group_BT/Type_N/BRACS_3275.svs,BRACS_3275,BRACS_3275,Group_BT,1,patient_160,slide_160
/bracs/BRACS_WSI/train/Group_BT/Type_N/BRACS_3277.svs,BRACS_3277,BRACS_3277,Group_BT,1,patient_161,slide_161
/bracs/BRACS_WSI/train/Group_BT/Type_N/BRACS_3282.svs,BRACS_3282,BRACS_3282,Group_BT,1,patient_162,slide_162
/bracs/BRACS_WSI/train/Group_BT/Type_N/BRACS_3292.svs,BRACS_3292,BRACS_3292,Group_BT,1,patient_163,slide_163
/bracs/BRACS_WSI/train/Group_BT/Type_PB/BRACS_1003658.svs,BRACS_1003658,BRACS_1003658,Group_BT,1,patient_164,slide_164
/bracs/BRACS_WSI/train/Group_BT/Type_PB/BRACS_1003659.svs,BRACS_1003659,BRACS_1003659,Group_BT,1,patient_165,slide_165
/bracs/BRACS_WSI/train/Group_BT/Type_PB/BRACS_1003668.svs,BRACS_1003668,BRACS_1003668,Group_BT,1,patient_166,slide_166
/bracs/BRACS_WSI/train/Group_BT/Type_PB/BRACS_1003669.svs,BRACS_1003669,BRACS_1003669,Group_BT,1,patient_167,slide_167
/bracs/BRACS_WSI/train/Group_BT/Type_PB/BRACS_1003671.svs,BRACS_1003671,BRACS_1003671,Group_BT,1,patient_168,slide_168
/bracs/BRACS_WSI/train/Group_BT/Type_PB/BRACS_1003672.svs,BRACS_1003672,BRACS_1003672,Group_BT,1,patient_169,slide_169
/bracs/BRACS_WSI/train/Group_BT/Type_PB/BRACS_1003686.svs,BRACS_1003686,BRACS_1003686,Group_BT,1,patient_170,slide_170
/bracs/BRACS_WSI/train/Group_BT/Type_PB/BRACS_1003700.svs,BRACS_1003700,BRACS_1003700,Group_BT,1,patient_171,slide_171
/bracs/BRACS_WSI/train/Group_BT/Type_PB/BRACS_1003706.svs,BRACS_1003706,BRACS_1003706,Group_BT,1,patient_172,slide_172
/bracs/BRACS_WSI/train/Group_BT/Type_PB/BRACS_1003710.svs,BRACS_1003710,BRACS_1003710,Group_BT,1,patient_173,slide_173
/bracs/BRACS_WSI/train/Group_BT/Type_PB/BRACS_1003724.svs,BRACS_1003724,BRACS_1003724,Group_BT,1,patient_174,slide_174
/bracs/BRACS_WSI/train/Group_BT/Type_PB/BRACS_1003725.svs,BRACS_1003725,BRACS_1003725,Group_BT,1,patient_175,slide_175
/bracs/BRACS_WSI/train/Group_BT/Type_PB/BRACS_1003730.svs,BRACS_1003730,BRACS_1003730,Group_BT,1,patient_176,slide_176
/bracs/BRACS_WSI/train/Group_BT/Type_PB/BRACS_1003734.svs,BRACS_1003734,BRACS_1003734,Group_BT,1,patient_177,slide_177
/bracs/BRACS_WSI/train/Group_BT/Type_PB/BRACS_1240.svs,BRACS_1240,BRACS_1240,Group_BT,1,patient_178,slide_178
/bracs/BRACS_WSI/train/Group_BT/Type_PB/BRACS_1241.svs,BRACS_1241,BRACS_1241,Group_BT,1,patient_179,slide_179
/bracs/BRACS_WSI/train/Group_BT/Type_PB/BRACS_1242.svs,BRACS_1242,BRACS_1242,Group_BT,1,patient_180,slide_180
/bracs/BRACS_WSI/train/Group_BT/Type_PB/BRACS_1248.svs,BRACS_1248,BRACS_1248,Group_BT,1,patient_181,slide_181
/bracs/BRACS_WSI/train/Group_BT/Type_PB/BRACS_1249.svs,BRACS_1249,BRACS_1249,Group_BT,1,patient_182,slide_182
/bracs/BRACS_WSI/train/Group_BT/Type_PB/BRACS_1251.svs,BRACS_1251,BRACS_1251,Group_BT,1,patient_183,slide_183
/bracs/BRACS_WSI/train/Group_BT/Type_PB/BRACS_1253.svs,BRACS_1253,BRACS_1253,Group_BT,1,patient_184,slide_184
/bracs/BRACS_WSI/train/Group_BT/Type_PB/BRACS_1255.svs,BRACS_1255,BRACS_1255,Group_BT,1,patient_185,slide_185
/bracs/BRACS_WSI/train/Group_BT/Type_PB/BRACS_1259.svs,BRACS_1259,BRACS_1259,Group_BT,1,patient_186,slide_186
/bracs/BRACS_WSI/train/Group_BT/Type_PB/BRACS_1273.svs,BRACS_1273,BRACS_1273,Group_BT,1,patient_187,slide_187
/bracs/BRACS_WSI/train/Group_BT/Type_PB/BRACS_1274.svs,BRACS_1274,BRACS_1274,Group_BT,1,patient_188,slide_188
/bracs/BRACS_WSI/train/Group_BT/Type_PB/BRACS_1318.svs,BRACS_1318,BRACS_1318,Group_BT,1,patient_189,slide_189
/bracs/BRACS_WSI/train/Group_BT/Type_PB/BRACS_1320.svs,BRACS_1320,BRACS_1320,Group_BT,1,patient_190,slide_190
/bracs/BRACS_WSI/train/Group_BT/Type_PB/BRACS_1321.svs,BRACS_1321,BRACS_1321,Group_BT,1,patient_191,slide_191
/bracs/BRACS_WSI/train/Group_BT/Type_PB/BRACS_1322.svs,BRACS_1322,BRACS_1322,Group_BT,1,patient_192,slide_192
/bracs/BRACS_WSI/train/Group_BT/Type_PB/BRACS_1324.svs,BRACS_1324,BRACS_1324,Group_BT,1,patient_193,slide_193
/bracs/BRACS_WSI/train/Group_BT/Type_PB/BRACS_1325.svs,BRACS_1325,BRACS_1325,Group_BT,1,patient_194,slide_194
/bracs/BRACS_WSI/train/Group_BT/Type_PB/BRACS_1327.svs,BRACS_1327,BRACS_1327,Group_BT,1,patient_195,slide_195
/bracs/BRACS_WSI/train/Group_BT/Type_PB/BRACS_1329.svs,BRACS_1329,BRACS_1329,Group_BT,1,patient_196,slide_196
/bracs/BRACS_WSI/train/Group_BT/Type_PB/BRACS_1336.svs,BRACS_1336,BRACS_1336,Group_BT,1,patient_197,slide_197
/bracs/BRACS_WSI/train/Group_BT/Type_PB/BRACS_1338.svs,BRACS_1338,BRACS_1338,Group_BT,1,patient_198,slide_198
/bracs/BRACS_WSI/train/Group_BT/Type_PB/BRACS_1370.svs,BRACS_1370,BRACS_1370,Group_BT,1,patient_199,slide_199
/bracs/BRACS_WSI/train/Group_BT/Type_PB/BRACS_1408.svs,BRACS_1408,BRACS_1408,Group_BT,1,patient_200,slide_200
/bracs/BRACS_WSI/train/Group_BT/Type_PB/BRACS_1480.svs,BRACS_1480,BRACS_1480,Group_BT,1,patient_201,slide_201
/bracs/BRACS_WSI/train/Group_BT/Type_PB/BRACS_1483.svs,BRACS_1483,BRACS_1483,Group_BT,1,patient_202,slide_202
/bracs/BRACS_WSI/train/Group_BT/Type_PB/BRACS_1485.svs,BRACS_1485,BRACS_1485,Group_BT,1,patient_203,slide_203
/bracs/BRACS_WSI/train/Group_BT/Type_PB/BRACS_1493.svs,BRACS_1493,BRACS_1493,Group_BT,1,patient_204,slide_204
/bracs/BRACS_WSI/train/Group_BT/Type_PB/BRACS_1508.svs,BRACS_1508,BRACS_1508,Group_BT,1,patient_205,slide_205
/bracs/BRACS_WSI/train/Group_BT/Type_PB/BRACS_1511.svs,BRACS_1511,BRACS_1511,Group_BT,1,patient_206,slide_206
/bracs/BRACS_WSI/train/Group_BT/Type_PB/BRACS_1582.svs,BRACS_1582,BRACS_1582,Group_BT,1,patient_207,slide_207
/bracs/BRACS_WSI/train/Group_BT/Type_PB/BRACS_1583.svs,BRACS_1583,BRACS_1583,Group_BT,1,patient_208,slide_208
/bracs/BRACS_WSI/train/Group_BT/Type_PB/BRACS_1593.svs,BRACS_1593,BRACS_1593,Group_BT,1,patient_209,slide_209
/bracs/BRACS_WSI/train/Group_BT/Type_PB/BRACS_1603.svs,BRACS_1603,BRACS_1603,Group_BT,1,patient_210,slide_210
/bracs/BRACS_WSI/train/Group_BT/Type_PB/BRACS_1605.svs,BRACS_1605,BRACS_1605,Group_BT,1,patient_211,slide_211
/bracs/BRACS_WSI/train/Group_BT/Type_PB/BRACS_1612.svs,BRACS_1612,BRACS_1612,Group_BT,1,patient_212,slide_212
/bracs/BRACS_WSI/train/Group_BT/Type_PB/BRACS_1620.svs,BRACS_1620,BRACS_1620,Group_BT,1,patient_213,slide_213
/bracs/BRACS_WSI/train/Group_BT/Type_PB/BRACS_1631.svs,BRACS_1631,BRACS_1631,Group_BT,1,patient_214,slide_214
/bracs/BRACS_WSI/train/Group_BT/Type_PB/BRACS_1633.svs,BRACS_1633,BRACS_1633,Group_BT,1,patient_215,slide_215
/bracs/BRACS_WSI/train/Group_BT/Type_PB/BRACS_1634.svs,BRACS_1634,BRACS_1634,Group_BT,1,patient_216,slide_216
/bracs/BRACS_WSI/train/Group_BT/Type_PB/BRACS_1640.svs,BRACS_1640,BRACS_1640,Group_BT,1,patient_217,slide_217
/bracs/BRACS_WSI/train/Group_BT/Type_PB/BRACS_1655.svs,BRACS_1655,BRACS_1655,Group_BT,1,patient_218,slide_218
/bracs/BRACS_WSI/train/Group_BT/Type_PB/BRACS_1656.svs,BRACS_1656,BRACS_1656,Group_BT,1,patient_219,slide_219
/bracs/BRACS_WSI/train/Group_BT/Type_PB/BRACS_1659.svs,BRACS_1659,BRACS_1659,Group_BT,1,patient_220,slide_220
/bracs/BRACS_WSI/train/Group_BT/Type_PB/BRACS_1660.svs,BRACS_1660,BRACS_1660,Group_BT,1,patient_221,slide_221
/bracs/BRACS_WSI/train/Group_BT/Type_PB/BRACS_1661.svs,BRACS_1661,BRACS_1661,Group_BT,1,patient_222,slide_222
/bracs/BRACS_WSI/train/Group_BT/Type_PB/BRACS_1664.svs,BRACS_1664,BRACS_1664,Group_BT,1,patient_223,slide_223
/bracs/BRACS_WSI/train/Group_BT/Type_PB/BRACS_1665.svs,BRACS_1665,BRACS_1665,Group_BT,1,patient_224,slide_224
/bracs/BRACS_WSI/train/Group_BT/Type_PB/BRACS_1666.svs,BRACS_1666,BRACS_1666,Group_BT,1,patient_225,slide_225
/bracs/BRACS_WSI/train/Group_BT/Type_PB/BRACS_1668.svs,BRACS_1668,BRACS_1668,Group_BT,1,patient_226,slide_226
/bracs/BRACS_WSI/train/Group_BT/Type_PB/BRACS_1669.svs,BRACS_1669,BRACS_1669,Group_BT,1,patient_227,slide_227
/bracs/BRACS_WSI/train/Group_BT/Type_PB/BRACS_1772.svs,BRACS_1772,BRACS_1772,Group_BT,1,patient_228,slide_228
/bracs/BRACS_WSI/train/Group_BT/Type_PB/BRACS_1779.svs,BRACS_1779,BRACS_1779,Group_BT,1,patient_229,slide_229
/bracs/BRACS_WSI/train/Group_BT/Type_PB/BRACS_1784.svs,BRACS_1784,BRACS_1784,Group_BT,1,patient_230,slide_230
/bracs/BRACS_WSI/train/Group_BT/Type_PB/BRACS_1796.svs,BRACS_1796,BRACS_1796,Group_BT,1,patient_231,slide_231
/bracs/BRACS_WSI/train/Group_BT/Type_PB/BRACS_1832.svs,BRACS_1832,BRACS_1832,Group_BT,1,patient_232,slide_232
/bracs/BRACS_WSI/train/Group_BT/Type_PB/BRACS_1833.svs,BRACS_1833,BRACS_1833,Group_BT,1,patient_233,slide_233
/bracs/BRACS_WSI/train/Group_BT/Type_PB/BRACS_1839.svs,BRACS_1839,BRACS_1839,Group_BT,1,patient_234,slide_234
/bracs/BRACS_WSI/train/Group_BT/Type_PB/BRACS_1841.svs,BRACS_1841,BRACS_1841,Group_BT,1,patient_235,slide_235
/bracs/BRACS_WSI/train/Group_BT/Type_PB/BRACS_1866.svs,BRACS_1866,BRACS_1866,Group_BT,1,patient_236,slide_236
/bracs/BRACS_WSI/train/Group_BT/Type_PB/BRACS_1869.svs,BRACS_1869,BRACS_1869,Group_BT,1,patient_237,slide_237
/bracs/BRACS_WSI/train/Group_BT/Type_PB/BRACS_1879.svs,BRACS_1879,BRACS_1879,Group_BT,1,patient_238,slide_238
/bracs/BRACS_WSI/train/Group_BT/Type_PB/BRACS_1880.svs,BRACS_1880,BRACS_1880,Group_BT,1,patient_239,slide_239
/bracs/BRACS_WSI/train/Group_BT/Type_PB/BRACS_1890.svs,BRACS_1890,BRACS_1890,Group_BT,1,patient_240,slide_240
/bracs/BRACS_WSI/train/Group_BT/Type_PB/BRACS_1893.svs,BRACS_1893,BRACS_1893,Group_BT,1,patient_241,slide_241
/bracs/BRACS_WSI/train/Group_BT/Type_PB/BRACS_1900.svs,BRACS_1900,BRACS_1900,Group_BT,1,patient_242,slide_242
/bracs/BRACS_WSI/train/Group_BT/Type_PB/BRACS_1901.svs,BRACS_1901,BRACS_1901,Group_BT,1,patient_243,slide_243
/bracs/BRACS_WSI/train/Group_BT/Type_PB/BRACS_1902.svs,BRACS_1902,BRACS_1902,Group_BT,1,patient_244,slide_244
/bracs/BRACS_WSI/train/Group_BT/Type_PB/BRACS_1904.svs,BRACS_1904,BRACS_1904,Group_BT,1,patient_245,slide_245
/bracs/BRACS_WSI/train/Group_BT/Type_PB/BRACS_1905.svs,BRACS_1905,BRACS_1905,Group_BT,1,patient_246,slide_246
/bracs/BRACS_WSI/train/Group_BT/Type_PB/BRACS_1924.svs,BRACS_1924,BRACS_1924,Group_BT,1,patient_247,slide_247
/bracs/BRACS_WSI/train/Group_BT/Type_PB/BRACS_1948.svs,BRACS_1948,BRACS_1948,Group_BT,1,patient_248,slide_248
/bracs/BRACS_WSI/train/Group_BT/Type_PB/BRACS_1960.svs,BRACS_1960,BRACS_1960,Group_BT,1,patient_249,slide_249
/bracs/BRACS_WSI/train/Group_BT/Type_PB/BRACS_1961.svs,BRACS_1961,BRACS_1961,Group_BT,1,patient_250,slide_250
/bracs/BRACS_WSI/train/Group_BT/Type_PB/BRACS_1962.svs,BRACS_1962,BRACS_1962,Group_BT,1,patient_251,slide_251
/bracs/BRACS_WSI/train/Group_BT/Type_PB/BRACS_1964.svs,BRACS_1964,BRACS_1964,Group_BT,1,patient_252,slide_252
/bracs/BRACS_WSI/train/Group_BT/Type_PB/BRACS_1965.svs,BRACS_1965,BRACS_1965,Group_BT,1,patient_253,slide_253
/bracs/BRACS_WSI/train/Group_BT/Type_PB/BRACS_1966.svs,BRACS_1966,BRACS_1966,Group_BT,1,patient_254,slide_254
/bracs/BRACS_WSI/train/Group_BT/Type_PB/BRACS_1967.svs,BRACS_1967,BRACS_1967,Group_BT,1,patient_255,slide_255
/bracs/BRACS_WSI/train/Group_BT/Type_PB/BRACS_1972.svs,BRACS_1972,BRACS_1972,Group_BT,1,patient_256,slide_256
/bracs/BRACS_WSI/train/Group_BT/Type_PB/BRACS_1986.svs,BRACS_1986,BRACS_1986,Group_BT,1,patient_257,slide_257
/bracs/BRACS_WSI/train/Group_BT/Type_PB/BRACS_1988.svs,BRACS_1988,BRACS_1988,Group_BT,1,patient_258,slide_258
/bracs/BRACS_WSI/train/Group_BT/Type_PB/BRACS_1989.svs,BRACS_1989,BRACS_1989,Group_BT,1,patient_259,slide_259
/bracs/BRACS_WSI/train/Group_BT/Type_PB/BRACS_1994.svs,BRACS_1994,BRACS_1994,Group_BT,1,patient_260,slide_260
/bracs/BRACS_WSI/train/Group_BT/Type_PB/BRACS_2000.svs,BRACS_2000,BRACS_2000,Group_BT,1,patient_261,slide_261
/bracs/BRACS_WSI/train/Group_BT/Type_PB/BRACS_2002.svs,BRACS_2002,BRACS_2002,Group_BT,1,patient_262,slide_262
/bracs/BRACS_WSI/train/Group_BT/Type_PB/BRACS_2004.svs,BRACS_2004,BRACS_2004,Group_BT,1,patient_263,slide_263
/bracs/BRACS_WSI/train/Group_BT/Type_PB/BRACS_3268.svs,BRACS_3268,BRACS_3268,Group_BT,1,patient_264,slide_264
/bracs/BRACS_WSI/train/Group_BT/Type_PB/BRACS_3269.svs,BRACS_3269,BRACS_3269,Group_BT,1,patient_265,slide_265
/bracs/BRACS_WSI/train/Group_BT/Type_PB/BRACS_3270.svs,BRACS_3270,BRACS_3270,Group_BT,1,patient_266,slide_266
/bracs/BRACS_WSI/train/Group_BT/Type_PB/BRACS_3271.svs,BRACS_3271,BRACS_3271,Group_BT,1,patient_267,slide_267
/bracs/BRACS_WSI/train/Group_BT/Type_PB/BRACS_3272.svs,BRACS_3272,BRACS_3272,Group_BT,1,patient_268,slide_268
/bracs/BRACS_WSI/train/Group_BT/Type_PB/BRACS_3274.svs,BRACS_3274,BRACS_3274,Group_BT,1,patient_269,slide_269
/bracs/BRACS_WSI/train/Group_BT/Type_PB/BRACS_3276.svs,BRACS_3276,BRACS_3276,Group_BT,1,patient_270,slide_270
/bracs/BRACS_WSI/train/Group_BT/Type_PB/BRACS_3279.svs,BRACS_3279,BRACS_3279,Group_BT,1,patient_271,slide_271
/bracs/BRACS_WSI/train/Group_BT/Type_PB/BRACS_3281.svs,BRACS_3281,BRACS_3281,Group_BT,1,patient_272,slide_272
/bracs/BRACS_WSI/train/Group_BT/Type_PB/BRACS_3283.svs,BRACS_3283,BRACS_3283,Group_BT,1,patient_273,slide_273
/bracs/BRACS_WSI/train/Group_BT/Type_PB/BRACS_3309.svs,BRACS_3309,BRACS_3309,Group_BT,1,patient_274,slide_274
/bracs/BRACS_WSI/train/Group_BT/Type_PB/BRACS_3311.svs,BRACS_3311,BRACS_3311,Group_BT,1,patient_275,slide_275
/bracs/BRACS_WSI/train/Group_BT/Type_PB/BRACS_3312.svs,BRACS_3312,BRACS_3312,Group_BT,1,patient_276,slide_276
/bracs/BRACS_WSI/train/Group_BT/Type_PB/BRACS_3334.svs,BRACS_3334,BRACS_3334,Group_BT,1,patient_277,slide_277
/bracs/BRACS_WSI/train/Group_BT/Type_PB/BRACS_3335.svs,BRACS_3335,BRACS_3335,Group_BT,1,patient_278,slide_278
/bracs/BRACS_WSI/train/Group_BT/Type_PB/BRACS_3336.svs,BRACS_3336,BRACS_3336,Group_BT,1,patient_279,slide_279
/bracs/BRACS_WSI/train/Group_BT/Type_PB/BRACS_745.svs,BRACS_745,BRACS_745,Group_BT,1,patient_280,slide_280
/bracs/BRACS_WSI/train/Group_BT/Type_PB/BRACS_758.svs,BRACS_758,BRACS_758,Group_BT,1,patient_281,slide_281
/bracs/BRACS_WSI/train/Group_BT/Type_PB/BRACS_760.svs,BRACS_760,BRACS_760,Group_BT,1,patient_282,slide_282
/bracs/BRACS_WSI/train/Group_BT/Type_PB/BRACS_761.svs,BRACS_761,BRACS_761,Group_BT,1,patient_283,slide_283
/bracs/BRACS_WSI/train/Group_BT/Type_UDH/BRACS_1003685.svs,BRACS_1003685,BRACS_1003685,Group_BT,1,patient_284,slide_284
/bracs/BRACS_WSI/train/Group_BT/Type_UDH/BRACS_1003705.svs,BRACS_1003705,BRACS_1003705,Group_BT,1,patient_285,slide_285
/bracs/BRACS_WSI/train/Group_BT/Type_UDH/BRACS_1003707.svs,BRACS_1003707,BRACS_1003707,Group_BT,1,patient_286,slide_286
/bracs/BRACS_WSI/train/Group_BT/Type_UDH/BRACS_1244.svs,BRACS_1244,BRACS_1244,Group_BT,1,patient_287,slide_287
/bracs/BRACS_WSI/train/Group_BT/Type_UDH/BRACS_1270.svs,BRACS_1270,BRACS_1270,Group_BT,1,patient_288,slide_288
/bracs/BRACS_WSI/train/Group_BT/Type_UDH/BRACS_1326.svs,BRACS_1326,BRACS_1326,Group_BT,1,patient_289,slide_289
/bracs/BRACS_WSI/train/Group_BT/Type_UDH/BRACS_1335.svs,BRACS_1335,BRACS_1335,Group_BT,1,patient_290,slide_290
/bracs/BRACS_WSI/train/Group_BT/Type_UDH/BRACS_1337.svs,BRACS_1337,BRACS_1337,Group_BT,1,patient_291,slide_291
/bracs/BRACS_WSI/train/Group_BT/Type_UDH/BRACS_1409.svs,BRACS_1409,BRACS_1409,Group_BT,1,patient_292,slide_292
/bracs/BRACS_WSI/train/Group_BT/Type_UDH/BRACS_1495.svs,BRACS_1495,BRACS_1495,Group_BT,1,patient_293,slide_293
/bracs/BRACS_WSI/train/Group_BT/Type_UDH/BRACS_1498.svs,BRACS_1498,BRACS_1498,Group_BT,1,patient_294,slide_294
/bracs/BRACS_WSI/train/Group_BT/Type_UDH/BRACS_1581.svs,BRACS_1581,BRACS_1581,Group_BT,1,patient_295,slide_295
/bracs/BRACS_WSI/train/Group_BT/Type_UDH/BRACS_1594.svs,BRACS_1594,BRACS_1594,Group_BT,1,patient_296,slide_296
/bracs/BRACS_WSI/train/Group_BT/Type_UDH/BRACS_1596.svs,BRACS_1596,BRACS_1596,Group_BT,1,patient_297,slide_297
/bracs/BRACS_WSI/train/Group_BT/Type_UDH/BRACS_1604.svs,BRACS_1604,BRACS_1604,Group_BT,1,patient_298,slide_298
/bracs/BRACS_WSI/train/Group_BT/Type_UDH/BRACS_1606.svs,BRACS_1606,BRACS_1606,Group_BT,1,patient_299,slide_299
/bracs/BRACS_WSI/train/Group_BT/Type_UDH/BRACS_1617.svs,BRACS_1617,BRACS_1617,Group_BT,1,patient_300,slide_300
/bracs/BRACS_WSI/train/Group_BT/Type_UDH/BRACS_1618.svs,BRACS_1618,BRACS_1618,Group_BT,1,patient_301,slide_301
/bracs/BRACS_WSI/train/Group_BT/Type_UDH/BRACS_1621.svs,BRACS_1621,BRACS_1621,Group_BT,1,patient_302,slide_302
/bracs/BRACS_WSI/train/Group_BT/Type_UDH/BRACS_1642.svs,BRACS_1642,BRACS_1642,Group_BT,1,patient_303,slide_303
/bracs/BRACS_WSI/train/Group_BT/Type_UDH/BRACS_1667.svs,BRACS_1667,BRACS_1667,Group_BT,1,patient_304,slide_304
/bracs/BRACS_WSI/train/Group_BT/Type_UDH/BRACS_1780.svs,BRACS_1780,BRACS_1780,Group_BT,1,patient_305,slide_305
/bracs/BRACS_WSI/train/Group_BT/Type_UDH/BRACS_1782.svs,BRACS_1782,BRACS_1782,Group_BT,1,patient_306,slide_306
/bracs/BRACS_WSI/train/Group_BT/Type_UDH/BRACS_1783.svs,BRACS_1783,BRACS_1783,Group_BT,1,patient_307,slide_307
/bracs/BRACS_WSI/train/Group_BT/Type_UDH/BRACS_1785.svs,BRACS_1785,BRACS_1785,Group_BT,1,patient_308,slide_308
/bracs/BRACS_WSI/train/Group_BT/Type_UDH/BRACS_1786.svs,BRACS_1786,BRACS_1786,Group_BT,1,patient_309,slide_309
/bracs/BRACS_WSI/train/Group_BT/Type_UDH/BRACS_1787.svs,BRACS_1787,BRACS_1787,Group_BT,1,patient_310,slide_310
/bracs/BRACS_WSI/train/Group_BT/Type_UDH/BRACS_1789.svs,BRACS_1789,BRACS_1789,Group_BT,1,patient_311,slide_311
/bracs/BRACS_WSI/train/Group_BT/Type_UDH/BRACS_1791.svs,BRACS_1791,BRACS_1791,Group_BT,1,patient_312,slide_312
/bracs/BRACS_WSI/train/Group_BT/Type_UDH/BRACS_1792.svs,BRACS_1792,BRACS_1792,Group_BT,1,patient_313,slide_313
/bracs/BRACS_WSI/train/Group_BT/Type_UDH/BRACS_1793.svs,BRACS_1793,BRACS_1793,Group_BT,1,patient_314,slide_314
/bracs/BRACS_WSI/train/Group_BT/Type_UDH/BRACS_1834.svs,BRACS_1834,BRACS_1834,Group_BT,1,patient_315,slide_315
/bracs/BRACS_WSI/train/Group_BT/Type_UDH/BRACS_1836.svs,BRACS_1836,BRACS_1836,Group_BT,1,patient_316,slide_316
/bracs/BRACS_WSI/train/Group_BT/Type_UDH/BRACS_1837.svs,BRACS_1837,BRACS_1837,Group_BT,1,patient_317,slide_317
/bracs/BRACS_WSI/train/Group_BT/Type_UDH/BRACS_1873.svs,BRACS_1873,BRACS_1873,Group_BT,1,patient_318,slide_318
/bracs/BRACS_WSI/train/Group_BT/Type_UDH/BRACS_1881.svs,BRACS_1881,BRACS_1881,Group_BT,1,patient_319,slide_319
/bracs/BRACS_WSI/train/Group_BT/Type_UDH/BRACS_1914.svs,BRACS_1914,BRACS_1914,Group_BT,1,patient_320,slide_320
/bracs/BRACS_WSI/train/Group_BT/Type_UDH/BRACS_1917.svs,BRACS_1917,BRACS_1917,Group_BT,1,patient_321,slide_321
/bracs/BRACS_WSI/train/Group_BT/Type_UDH/BRACS_1918.svs,BRACS_1918,BRACS_1918,Group_BT,1,patient_322,slide_322
/bracs/BRACS_WSI/train/Group_BT/Type_UDH/BRACS_1946.svs,BRACS_1946,BRACS_1946,Group_BT,1,patient_323,slide_323
/bracs/BRACS_WSI/train/Group_BT/Type_UDH/BRACS_1949.svs,BRACS_1949,BRACS_1949,Group_BT,1,patient_324,slide_324
/bracs/BRACS_WSI/train/Group_BT/Type_UDH/BRACS_1957.svs,BRACS_1957,BRACS_1957,Group_BT,1,patient_325,slide_325
/bracs/BRACS_WSI/train/Group_BT/Type_UDH/BRACS_1958.svs,BRACS_1958,BRACS_1958,Group_BT,1,patient_326,slide_326
/bracs/BRACS_WSI/train/Group_BT/Type_UDH/BRACS_1959.svs,BRACS_1959,BRACS_1959,Group_BT,1,patient_327,slide_327
/bracs/BRACS_WSI/train/Group_BT/Type_UDH/BRACS_1963.svs,BRACS_1963,BRACS_1963,Group_BT,1,patient_328,slide_328
/bracs/BRACS_WSI/train/Group_BT/Type_UDH/BRACS_1993.svs,BRACS_1993,BRACS_1993,Group_BT,1,patient_329,slide_329
/bracs/BRACS_WSI/train/Group_BT/Type_UDH/BRACS_1995.svs,BRACS_1995,BRACS_1995,Group_BT,1,patient_330,slide_330
/bracs/BRACS_WSI/train/Group_BT/Type_UDH/BRACS_1996.svs,BRACS_1996,BRACS_1996,Group_BT,1,patient_331,slide_331
/bracs/BRACS_WSI/train/Group_BT/Type_UDH/BRACS_1997.svs,BRACS_1997,BRACS_1997,Group_BT,1,patient_332,slide_332
/bracs/BRACS_WSI/train/Group_BT/Type_UDH/BRACS_2001.svs,BRACS_2001,BRACS_2001,Group_BT,1,patient_333,slide_333
/bracs/BRACS_WSI/train/Group_BT/Type_UDH/BRACS_2005.svs,BRACS_2005,BRACS_2005,Group_BT,1,patient_334,slide_334
/bracs/BRACS_WSI/train/Group_BT/Type_UDH/BRACS_3273.svs,BRACS_3273,BRACS_3273,Group_BT,1,patient_335,slide_335
/bracs/BRACS_WSI/train/Group_BT/Type_UDH/BRACS_3278.svs,BRACS_3278,BRACS_3278,Group_BT,1,patient_336,slide_336
/bracs/BRACS_WSI/train/Group_BT/Type_UDH/BRACS_3310.svs,BRACS_3310,BRACS_3310,Group_BT,1,patient_337,slide_337
/bracs/BRACS_WSI/train/Group_BT/Type_UDH/BRACS_3313.svs,BRACS_3313,BRACS_3313,Group_BT,1,patient_338,slide_338
/bracs/BRACS_WSI/train/Group_BT/Type_UDH/BRACS_3317.svs,BRACS_3317,BRACS_3317,Group_BT,1,patient_339,slide_339
/bracs/BRACS_WSI/train/Group_MT/Type_DCIS/BRACS_1003697.svs,BRACS_1003697,BRACS_1003697,Group_MT,2,patient_340,slide_340
/bracs/BRACS_WSI/train/Group_MT/Type_DCIS/BRACS_1238.svs,BRACS_1238,BRACS_1238,Group_MT,2,patient_341,slide_341
/bracs/BRACS_WSI/train/Group_MT/Type_DCIS/BRACS_1247.svs,BRACS_1247,BRACS_1247,Group_MT,2,patient_342,slide_342
/bracs/BRACS_WSI/train/Group_MT/Type_DCIS/BRACS_1369.svs,BRACS_1369,BRACS_1369,Group_MT,2,patient_343,slide_343
/bracs/BRACS_WSI/train/Group_MT/Type_DCIS/BRACS_1489.svs,BRACS_1489,BRACS_1489,Group_MT,2,patient_344,slide_344
/bracs/BRACS_WSI/train/Group_MT/Type_DCIS/BRACS_1490.svs,BRACS_1490,BRACS_1490,Group_MT,2,patient_345,slide_345
/bracs/BRACS_WSI/train/Group_MT/Type_DCIS/BRACS_1491.svs,BRACS_1491,BRACS_1491,Group_MT,2,patient_346,slide_346
/bracs/BRACS_WSI/train/Group_MT/Type_DCIS/BRACS_1492.svs,BRACS_1492,BRACS_1492,Group_MT,2,patient_347,slide_347
/bracs/BRACS_WSI/train/Group_MT/Type_DCIS/BRACS_1496.svs,BRACS_1496,BRACS_1496,Group_MT,2,patient_348,slide_348
/bracs/BRACS_WSI/train/Group_MT/Type_DCIS/BRACS_1497.svs,BRACS_1497,BRACS_1497,Group_MT,2,patient_349,slide_349
/bracs/BRACS_WSI/train/Group_MT/Type_DCIS/BRACS_1509.svs,BRACS_1509,BRACS_1509,Group_MT,2,patient_350,slide_350
/bracs/BRACS_WSI/train/Group_MT/Type_DCIS/BRACS_1512.svs,BRACS_1512,BRACS_1512,Group_MT,2,patient_351,slide_351
/bracs/BRACS_WSI/train/Group_MT/Type_DCIS/BRACS_1514.svs,BRACS_1514,BRACS_1514,Group_MT,2,patient_352,slide_352
/bracs/BRACS_WSI/train/Group_MT/Type_DCIS/BRACS_1515.svs,BRACS_1515,BRACS_1515,Group_MT,2,patient_353,slide_353
/bracs/BRACS_WSI/train/Group_MT/Type_DCIS/BRACS_1653.svs,BRACS_1653,BRACS_1653,Group_MT,2,patient_354,slide_354
/bracs/BRACS_WSI/train/Group_MT/Type_DCIS/BRACS_1771.svs,BRACS_1771,BRACS_1771,Group_MT,2,patient_355,slide_355
/bracs/BRACS_WSI/train/Group_MT/Type_DCIS/BRACS_1811.svs,BRACS_1811,BRACS_1811,Group_MT,2,patient_356,slide_356
/bracs/BRACS_WSI/train/Group_MT/Type_DCIS/BRACS_1816.svs,BRACS_1816,BRACS_1816,Group_MT,2,patient_357,slide_357
/bracs/BRACS_WSI/train/Group_MT/Type_DCIS/BRACS_1835.svs,BRACS_1835,BRACS_1835,Group_MT,2,patient_358,slide_358
/bracs/BRACS_WSI/train/Group_MT/Type_DCIS/BRACS_1840.svs,BRACS_1840,BRACS_1840,Group_MT,2,patient_359,slide_359
/bracs/BRACS_WSI/train/Group_MT/Type_DCIS/BRACS_1862.svs,BRACS_1862,BRACS_1862,Group_MT,2,patient_360,slide_360
/bracs/BRACS_WSI/train/Group_MT/Type_DCIS/BRACS_1864.svs,BRACS_1864,BRACS_1864,Group_MT,2,patient_361,slide_361
/bracs/BRACS_WSI/train/Group_MT/Type_DCIS/BRACS_1874.svs,BRACS_1874,BRACS_1874,Group_MT,2,patient_362,slide_362
/bracs/BRACS_WSI/train/Group_MT/Type_DCIS/BRACS_1888.svs,BRACS_1888,BRACS_1888,Group_MT,2,patient_363,slide_363
/bracs/BRACS_WSI/train/Group_MT/Type_DCIS/BRACS_1903.svs,BRACS_1903,BRACS_1903,Group_MT,2,patient_364,slide_364
/bracs/BRACS_WSI/train/Group_MT/Type_DCIS/BRACS_1919.svs,BRACS_1919,BRACS_1919,Group_MT,2,patient_365,slide_365
/bracs/BRACS_WSI/train/Group_MT/Type_DCIS/BRACS_1920.svs,BRACS_1920,BRACS_1920,Group_MT,2,patient_366,slide_366
/bracs/BRACS_WSI/train/Group_MT/Type_DCIS/BRACS_1921.svs,BRACS_1921,BRACS_1921,Group_MT,2,patient_367,slide_367
/bracs/BRACS_WSI/train/Group_MT/Type_DCIS/BRACS_1923.svs,BRACS_1923,BRACS_1923,Group_MT,2,patient_368,slide_368
/bracs/BRACS_WSI/train/Group_MT/Type_DCIS/BRACS_1927.svs,BRACS_1927,BRACS_1927,Group_MT,2,patient_369,slide_369
/bracs/BRACS_WSI/train/Group_MT/Type_DCIS/BRACS_1928.svs,BRACS_1928,BRACS_1928,Group_MT,2,patient_370,slide_370
/bracs/BRACS_WSI/train/Group_MT/Type_DCIS/BRACS_1929.svs,BRACS_1929,BRACS_1929,Group_MT,2,patient_371,slide_371
/bracs/BRACS_WSI/train/Group_MT/Type_DCIS/BRACS_1930.svs,BRACS_1930,BRACS_1930,Group_MT,2,patient_372,slide_372
/bracs/BRACS_WSI/train/Group_MT/Type_DCIS/BRACS_1931.svs,BRACS_1931,BRACS_1931,Group_MT,2,patient_373,slide_373
/bracs/BRACS_WSI/train/Group_MT/Type_DCIS/BRACS_1947.svs,BRACS_1947,BRACS_1947,Group_MT,2,patient_374,slide_374
/bracs/BRACS_WSI/train/Group_MT/Type_DCIS/BRACS_1950.svs,BRACS_1950,BRACS_1950,Group_MT,2,patient_375,slide_375
/bracs/BRACS_WSI/train/Group_MT/Type_DCIS/BRACS_1970.svs,BRACS_1970,BRACS_1970,Group_MT,2,patient_376,slide_376
/bracs/BRACS_WSI/train/Group_MT/Type_DCIS/BRACS_1999.svs,BRACS_1999,BRACS_1999,Group_MT,2,patient_377,slide_377
/bracs/BRACS_WSI/train/Group_MT/Type_DCIS/BRACS_755.svs,BRACS_755,BRACS_755,Group_MT,2,patient_378,slide_378
/bracs/BRACS_WSI/train/Group_MT/Type_DCIS/BRACS_762.svs,BRACS_762,BRACS_762,Group_MT,2,patient_379,slide_379
/bracs/BRACS_WSI/train/Group_MT/Type_IC/BRACS_1003667.svs,BRACS_1003667,BRACS_1003667,Group_MT,2,patient_380,slide_380
/bracs/BRACS_WSI/train/Group_MT/Type_IC/BRACS_1003670.svs,BRACS_1003670,BRACS_1003670,Group_MT,2,patient_381,slide_381
/bracs/BRACS_WSI/train/Group_MT/Type_IC/BRACS_1003673.svs,BRACS_1003673,BRACS_1003673,Group_MT,2,patient_382,slide_382
/bracs/BRACS_WSI/train/Group_MT/Type_IC/BRACS_1003677.svs,BRACS_1003677,BRACS_1003677,Group_MT,2,patient_383,slide_383
/bracs/BRACS_WSI/train/Group_MT/Type_IC/BRACS_1003678.svs,BRACS_1003678,BRACS_1003678,Group_MT,2,patient_384,slide_384
/bracs/BRACS_WSI/train/Group_MT/Type_IC/BRACS_1003684.svs,BRACS_1003684,BRACS_1003684,Group_MT,2,patient_385,slide_385
/bracs/BRACS_WSI/train/Group_MT/Type_IC/BRACS_1003692.svs,BRACS_1003692,BRACS_1003692,Group_MT,2,patient_386,slide_386
/bracs/BRACS_WSI/train/Group_MT/Type_IC/BRACS_1003698.svs,BRACS_1003698,BRACS_1003698,Group_MT,2,patient_387,slide_387
/bracs/BRACS_WSI/train/Group_MT/Type_IC/BRACS_1003699.svs,BRACS_1003699,BRACS_1003699,Group_MT,2,patient_388,slide_388
/bracs/BRACS_WSI/train/Group_MT/Type_IC/BRACS_1003703.svs,BRACS_1003703,BRACS_1003703,Group_MT,2,patient_389,slide_389
/bracs/BRACS_WSI/train/Group_MT/Type_IC/BRACS_1003708.svs,BRACS_1003708,BRACS_1003708,Group_MT,2,patient_390,slide_390
/bracs/BRACS_WSI/train/Group_MT/Type_IC/BRACS_1003709.svs,BRACS_1003709,BRACS_1003709,Group_MT,2,patient_391,slide_391
/bracs/BRACS_WSI/train/Group_MT/Type_IC/BRACS_1003721.svs,BRACS_1003721,BRACS_1003721,Group_MT,2,patient_392,slide_392
/bracs/BRACS_WSI/train/Group_MT/Type_IC/BRACS_1003722.svs,BRACS_1003722,BRACS_1003722,Group_MT,2,patient_393,slide_393
/bracs/BRACS_WSI/train/Group_MT/Type_IC/BRACS_1003723.svs,BRACS_1003723,BRACS_1003723,Group_MT,2,patient_394,slide_394
/bracs/BRACS_WSI/train/Group_MT/Type_IC/BRACS_1003727.svs,BRACS_1003727,BRACS_1003727,Group_MT,2,patient_395,slide_395
/bracs/BRACS_WSI/train/Group_MT/Type_IC/BRACS_1003731.svs,BRACS_1003731,BRACS_1003731,Group_MT,2,patient_396,slide_396
/bracs/BRACS_WSI/train/Group_MT/Type_IC/BRACS_1003732.svs,BRACS_1003732,BRACS_1003732,Group_MT,2,patient_397,slide_397
/bracs/BRACS_WSI/train/Group_MT/Type_IC/BRACS_1231.svs,BRACS_1231,BRACS_1231,Group_MT,2,patient_398,slide_398
/bracs/BRACS_WSI/train/Group_MT/Type_IC/BRACS_1232.svs,BRACS_1232,BRACS_1232,Group_MT,2,patient_399,slide_399
/bracs/BRACS_WSI/train/Group_MT/Type_IC/BRACS_1233.svs,BRACS_1233,BRACS_1233,Group_MT,2,patient_400,slide_400
/bracs/BRACS_WSI/train/Group_MT/Type_IC/BRACS_1235.svs,BRACS_1235,BRACS_1235,Group_MT,2,patient_401,slide_401
/bracs/BRACS_WSI/train/Group_MT/Type_IC/BRACS_1263.svs,BRACS_1263,BRACS_1263,Group_MT,2,patient_402,slide_402
/bracs/BRACS_WSI/train/Group_MT/Type_IC/BRACS_1265.svs,BRACS_1265,BRACS_1265,Group_MT,2,patient_403,slide_403
/bracs/BRACS_WSI/train/Group_MT/Type_IC/BRACS_1272.svs,BRACS_1272,BRACS_1272,Group_MT,2,patient_404,slide_404
/bracs/BRACS_WSI/train/Group_MT/Type_IC/BRACS_1277.svs,BRACS_1277,BRACS_1277,Group_MT,2,patient_405,slide_405
/bracs/BRACS_WSI/train/Group_MT/Type_IC/BRACS_1279.svs,BRACS_1279,BRACS_1279,Group_MT,2,patient_406,slide_406
/bracs/BRACS_WSI/train/Group_MT/Type_IC/BRACS_1287.svs,BRACS_1287,BRACS_1287,Group_MT,2,patient_407,slide_407
/bracs/BRACS_WSI/train/Group_MT/Type_IC/BRACS_1288.svs,BRACS_1288,BRACS_1288,Group_MT,2,patient_408,slide_408
/bracs/BRACS_WSI/train/Group_MT/Type_IC/BRACS_1289.svs,BRACS_1289,BRACS_1289,Group_MT,2,patient_409,slide_409
/bracs/BRACS_WSI/train/Group_MT/Type_IC/BRACS_1292.svs,BRACS_1292,BRACS_1292,Group_MT,2,patient_410,slide_410
/bracs/BRACS_WSI/train/Group_MT/Type_IC/BRACS_1293.svs,BRACS_1293,BRACS_1293,Group_MT,2,patient_411,slide_411
/bracs/BRACS_WSI/train/Group_MT/Type_IC/BRACS_1356.svs,BRACS_1356,BRACS_1356,Group_MT,2,patient_412,slide_412
/bracs/BRACS_WSI/train/Group_MT/Type_IC/BRACS_1357.svs,BRACS_1357,BRACS_1357,Group_MT,2,patient_413,slide_413
/bracs/BRACS_WSI/train/Group_MT/Type_IC/BRACS_1358.svs,BRACS_1358,BRACS_1358,Group_MT,2,patient_414,slide_414
/bracs/BRACS_WSI/train/Group_MT/Type_IC/BRACS_1360.svs,BRACS_1360,BRACS_1360,Group_MT,2,patient_415,slide_415
/bracs/BRACS_WSI/train/Group_MT/Type_IC/BRACS_1374.svs,BRACS_1374,BRACS_1374,Group_MT,2,patient_416,slide_416
/bracs/BRACS_WSI/train/Group_MT/Type_IC/BRACS_1406.svs,BRACS_1406,BRACS_1406,Group_MT,2,patient_417,slide_417
/bracs/BRACS_WSI/train/Group_MT/Type_IC/BRACS_1407.svs,BRACS_1407,BRACS_1407,Group_MT,2,patient_418,slide_418
/bracs/BRACS_WSI/train/Group_MT/Type_IC/BRACS_1477.svs,BRACS_1477,BRACS_1477,Group_MT,2,patient_419,slide_419
/bracs/BRACS_WSI/train/Group_MT/Type_IC/BRACS_1478.svs,BRACS_1478,BRACS_1478,Group_MT,2,patient_420,slide_420
/bracs/BRACS_WSI/train/Group_MT/Type_IC/BRACS_1484.svs,BRACS_1484,BRACS_1484,Group_MT,2,patient_421,slide_421
/bracs/BRACS_WSI/train/Group_MT/Type_IC/BRACS_1487.svs,BRACS_1487,BRACS_1487,Group_MT,2,patient_422,slide_422
/bracs/BRACS_WSI/train/Group_MT/Type_IC/BRACS_1516.svs,BRACS_1516,BRACS_1516,Group_MT,2,patient_423,slide_423
/bracs/BRACS_WSI/train/Group_MT/Type_IC/BRACS_1635.svs,BRACS_1635,BRACS_1635,Group_MT,2,patient_424,slide_424
/bracs/BRACS_WSI/train/Group_MT/Type_IC/BRACS_1636.svs,BRACS_1636,BRACS_1636,Group_MT,2,patient_425,slide_425
/bracs/BRACS_WSI/train/Group_MT/Type_IC/BRACS_1637.svs,BRACS_1637,BRACS_1637,Group_MT,2,patient_426,slide_426
/bracs/BRACS_WSI/train/Group_MT/Type_IC/BRACS_1638.svs,BRACS_1638,BRACS_1638,Group_MT,2,patient_427,slide_427
/bracs/BRACS_WSI/train/Group_MT/Type_IC/BRACS_1639.svs,BRACS_1639,BRACS_1639,Group_MT,2,patient_428,slide_428
/bracs/BRACS_WSI/train/Group_MT/Type_IC/BRACS_1643.svs,BRACS_1643,BRACS_1643,Group_MT,2,patient_429,slide_429
/bracs/BRACS_WSI/train/Group_MT/Type_IC/BRACS_1646.svs,BRACS_1646,BRACS_1646,Group_MT,2,patient_430,slide_430
/bracs/BRACS_WSI/train/Group_MT/Type_IC/BRACS_1647.svs,BRACS_1647,BRACS_1647,Group_MT,2,patient_431,slide_431
/bracs/BRACS_WSI/train/Group_MT/Type_IC/BRACS_1648.svs,BRACS_1648,BRACS_1648,Group_MT,2,patient_432,slide_432
/bracs/BRACS_WSI/train/Group_MT/Type_IC/BRACS_1649.svs,BRACS_1649,BRACS_1649,Group_MT,2,patient_433,slide_433
/bracs/BRACS_WSI/train/Group_MT/Type_IC/BRACS_1650.svs,BRACS_1650,BRACS_1650,Group_MT,2,patient_434,slide_434
/bracs/BRACS_WSI/train/Group_MT/Type_IC/BRACS_1652.svs,BRACS_1652,BRACS_1652,Group_MT,2,patient_435,slide_435
/bracs/BRACS_WSI/train/Group_MT/Type_IC/BRACS_1654.svs,BRACS_1654,BRACS_1654,Group_MT,2,patient_436,slide_436
/bracs/BRACS_WSI/train/Group_MT/Type_IC/BRACS_1810.svs,BRACS_1810,BRACS_1810,Group_MT,2,patient_437,slide_437
/bracs/BRACS_WSI/train/Group_MT/Type_IC/BRACS_1812.svs,BRACS_1812,BRACS_1812,Group_MT,2,patient_438,slide_438
/bracs/BRACS_WSI/train/Group_MT/Type_IC/BRACS_1827.svs,BRACS_1827,BRACS_1827,Group_MT,2,patient_439,slide_439
/bracs/BRACS_WSI/train/Group_MT/Type_IC/BRACS_1828.svs,BRACS_1828,BRACS_1828,Group_MT,2,patient_440,slide_440
/bracs/BRACS_WSI/train/Group_MT/Type_IC/BRACS_1829.svs,BRACS_1829,BRACS_1829,Group_MT,2,patient_441,slide_441
/bracs/BRACS_WSI/train/Group_MT/Type_IC/BRACS_1830.svs,BRACS_1830,BRACS_1830,Group_MT,2,patient_442,slide_442
/bracs/BRACS_WSI/train/Group_MT/Type_IC/BRACS_1831.svs,BRACS_1831,BRACS_1831,Group_MT,2,patient_443,slide_443
/bracs/BRACS_WSI/train/Group_MT/Type_IC/BRACS_1875.svs,BRACS_1875,BRACS_1875,Group_MT,2,patient_444,slide_444
/bracs/BRACS_WSI/train/Group_MT/Type_IC/BRACS_1984.svs,BRACS_1984,BRACS_1984,Group_MT,2,patient_445,slide_445
/bracs/BRACS_WSI/train/Group_MT/Type_IC/BRACS_280.svs,BRACS_280,BRACS_280,Group_MT,2,patient_446,slide_446
/bracs/BRACS_WSI/train/Group_MT/Type_IC/BRACS_281.svs,BRACS_281,BRACS_281,Group_MT,2,patient_447,slide_447
/bracs/BRACS_WSI/train/Group_MT/Type_IC/BRACS_283.svs,BRACS_283,BRACS_283,Group_MT,2,patient_448,slide_448
/bracs/BRACS_WSI/train/Group_MT/Type_IC/BRACS_288.svs,BRACS_288,BRACS_288,Group_MT,2,patient_449,slide_449
/bracs/BRACS_WSI/train/Group_MT/Type_IC/BRACS_291.svs,BRACS_291,BRACS_291,Group_MT,2,patient_450,slide_450
/bracs/BRACS_WSI/train/Group_MT/Type_IC/BRACS_295.svs,BRACS_295,BRACS_295,Group_MT,2,patient_451,slide_451
/bracs/BRACS_WSI/train/Group_MT/Type_IC/BRACS_297.svs,BRACS_297,BRACS_297,Group_MT,2,patient_452,slide_452
/bracs/BRACS_WSI/train/Group_MT/Type_IC/BRACS_298.svs,BRACS_298,BRACS_298,Group_MT,2,patient_453,slide_453
/bracs/BRACS_WSI/train/Group_MT/Type_IC/BRACS_311.svs,BRACS_311,BRACS_311,Group_MT,2,patient_454,slide_454
/bracs/BRACS_WSI/train/Group_MT/Type_IC/BRACS_3289.svs,BRACS_3289,BRACS_3289,Group_MT,2,patient_455,slide_455
/bracs/BRACS_WSI/train/Group_MT/Type_IC/BRACS_3290.svs,BRACS_3290,BRACS_3290,Group_MT,2,patient_456,slide_456
/bracs/BRACS_WSI/train/Group_MT/Type_IC/BRACS_3291.svs,BRACS_3291,BRACS_3291,Group_MT,2,patient_457,slide_457
/bracs/BRACS_WSI/train/Group_MT/Type_IC/BRACS_3293.svs,BRACS_3293,BRACS_3293,Group_MT,2,patient_458,slide_458
/bracs/BRACS_WSI/train/Group_MT/Type_IC/BRACS_3294.svs,BRACS_3294,BRACS_3294,Group_MT,2,patient_459,slide_459
/bracs/BRACS_WSI/train/Group_MT/Type_IC/BRACS_3305.svs,BRACS_3305,BRACS_3305,Group_MT,2,patient_460,slide_460
/bracs/BRACS_WSI/train/Group_MT/Type_IC/BRACS_3308.svs,BRACS_3308,BRACS_3308,Group_MT,2,patient_461,slide_461
/bracs/BRACS_WSI/train/Group_MT/Type_IC/BRACS_3314.svs,BRACS_3314,BRACS_3314,Group_MT,2,patient_462,slide_462
/bracs/BRACS_WSI/train/Group_MT/Type_IC/BRACS_3315.svs,BRACS_3315,BRACS_3315,Group_MT,2,patient_463,slide_463
/bracs/BRACS_WSI/train/Group_MT/Type_IC/BRACS_3316.svs,BRACS_3316,BRACS_3316,Group_MT,2,patient_464,slide_464
/bracs/BRACS_WSI/train/Group_MT/Type_IC/BRACS_3319.svs,BRACS_3319,BRACS_3319,Group_MT,2,patient_465,slide_465
/bracs/BRACS_WSI/train/Group_MT/Type_IC/BRACS_3320.svs,BRACS_3320,BRACS_3320,Group_MT,2,patient_466,slide_466
/bracs/BRACS_WSI/train/Group_MT/Type_IC/BRACS_3321.svs,BRACS_3321,BRACS_3321,Group_MT,2,patient_467,slide_467
/bracs/BRACS_WSI/train/Group_MT/Type_IC/BRACS_734.svs,BRACS_734,BRACS_734,Group_MT,2,patient_468,slide_468
/bracs/BRACS_WSI/train/Group_MT/Type_IC/BRACS_747.svs,BRACS_747,BRACS_747,Group_MT,2,patient_469,slide_469
/bracs/BRACS_WSI/train/Group_MT/Type_IC/BRACS_748.svs,BRACS_748,BRACS_748,Group_MT,2,patient_470,slide_470
/bracs/BRACS_WSI/train/Group_MT/Type_IC/BRACS_749.svs,BRACS_749,BRACS_749,Group_MT,2,patient_471,slide_471
/bracs/BRACS_WSI/train/Group_MT/Type_IC/BRACS_750.svs,BRACS_750,BRACS_750,Group_MT,2,patient_472,slide_472
/bracs/BRACS_WSI/train/Group_MT/Type_IC/BRACS_752.svs,BRACS_752,BRACS_752,Group_MT,2,patient_473,slide_473
/bracs/BRACS_WSI/train/Group_MT/Type_IC/BRACS_753.svs,BRACS_753,BRACS_753,Group_MT,2,patient_474,slide_474
/bracs/BRACS_WSI/train/Group_MT/Type_IC/BRACS_754.svs,BRACS_754,BRACS_754,Group_MT,2,patient_475,slide_475
/bracs/BRACS_WSI/train/Group_MT/Type_IC/BRACS_756.svs,BRACS_756,BRACS_756,Group_MT,2,patient_476,slide_476
/bracs/BRACS_WSI/train/Group_MT/Type_IC/BRACS_757.svs,BRACS_757,BRACS_757,Group_MT,2,patient_477,slide_477
/bracs/BRACS_WSI/train/Group_MT/Type_IC/BRACS_759.svs,BRACS_759,BRACS_759,Group_MT,2,patient_478,slide_478
/bracs/BRACS_WSI/train/Group_MT/Type_IC/BRACS_773.svs,BRACS_773,BRACS_773,Group_MT,2,patient_479,slide_479
/bracs/BRACS_WSI/val/Group_AT/Type_ADH/BRACS_1271.svs,BRACS_1271,BRACS_1271,Group_AT,0,patient_480,slide_480
/bracs/BRACS_WSI/val/Group_AT/Type_ADH/BRACS_1797.svs,BRACS_1797,BRACS_1797,Group_AT,0,patient_481,slide_481
/bracs/BRACS_WSI/val/Group_AT/Type_ADH/BRACS_1876.svs,BRACS_1876,BRACS_1876,Group_AT,0,patient_482,slide_482
/bracs/BRACS_WSI/val/Group_AT/Type_ADH/BRACS_1885.svs,BRACS_1885,BRACS_1885,Group_AT,0,patient_483,slide_483
/bracs/BRACS_WSI/val/Group_AT/Type_ADH/BRACS_1953.svs,BRACS_1953,BRACS_1953,Group_AT,0,patient_484,slide_484
/bracs/BRACS_WSI/val/Group_AT/Type_ADH/BRACS_1977.svs,BRACS_1977,BRACS_1977,Group_AT,0,patient_485,slide_485
/bracs/BRACS_WSI/val/Group_AT/Type_ADH/BRACS_1982.svs,BRACS_1982,BRACS_1982,Group_AT,0,patient_486,slide_486
/bracs/BRACS_WSI/val/Group_AT/Type_ADH/BRACS_1983.svs,BRACS_1983,BRACS_1983,Group_AT,0,patient_487,slide_487
/bracs/BRACS_WSI/val/Group_AT/Type_FEA/BRACS_1610.svs,BRACS_1610,BRACS_1610,Group_AT,0,patient_488,slide_488
/bracs/BRACS_WSI/val/Group_AT/Type_FEA/BRACS_1799.svs,BRACS_1799,BRACS_1799,Group_AT,0,patient_489,slide_489
/bracs/BRACS_WSI/val/Group_AT/Type_FEA/BRACS_1886.svs,BRACS_1886,BRACS_1886,Group_AT,0,patient_490,slide_490
/bracs/BRACS_WSI/val/Group_AT/Type_FEA/BRACS_1975.svs,BRACS_1975,BRACS_1975,Group_AT,0,patient_491,slide_491
/bracs/BRACS_WSI/val/Group_AT/Type_FEA/BRACS_3266.svs,BRACS_3266,BRACS_3266,Group_AT,0,patient_492,slide_492
/bracs/BRACS_WSI/val/Group_AT/Type_FEA/BRACS_3285.svs,BRACS_3285,BRACS_3285,Group_AT,0,patient_493,slide_493
/bracs/BRACS_WSI/val/Group_BT/Type_N/BRACS_1261.svs,BRACS_1261,BRACS_1261,Group_BT,1,patient_494,slide_494
/bracs/BRACS_WSI/val/Group_BT/Type_N/BRACS_1296.svs,BRACS_1296,BRACS_1296,Group_BT,1,patient_495,slide_495
/bracs/BRACS_WSI/val/Group_BT/Type_N/BRACS_1584.svs,BRACS_1584,BRACS_1584,Group_BT,1,patient_496,slide_496
/bracs/BRACS_WSI/val/Group_BT/Type_N/BRACS_1585.svs,BRACS_1585,BRACS_1585,Group_BT,1,patient_497,slide_497
/bracs/BRACS_WSI/val/Group_BT/Type_N/BRACS_1614.svs,BRACS_1614,BRACS_1614,Group_BT,1,patient_498,slide_498
/bracs/BRACS_WSI/val/Group_BT/Type_N/BRACS_1632.svs,BRACS_1632,BRACS_1632,Group_BT,1,patient_499,slide_499
/bracs/BRACS_WSI/val/Group_BT/Type_N/BRACS_1974.svs,BRACS_1974,BRACS_1974,Group_BT,1,patient_500,slide_500
/bracs/BRACS_WSI/val/Group_BT/Type_N/BRACS_1978.svs,BRACS_1978,BRACS_1978,Group_BT,1,patient_501,slide_501
/bracs/BRACS_WSI/val/Group_BT/Type_N/BRACS_1979.svs,BRACS_1979,BRACS_1979,Group_BT,1,patient_502,slide_502
/bracs/BRACS_WSI/val/Group_BT/Type_N/BRACS_1981.svs,BRACS_1981,BRACS_1981,Group_BT,1,patient_503,slide_503
/bracs/BRACS_WSI/val/Group_BT/Type_PB/BRACS_1275.svs,BRACS_1275,BRACS_1275,Group_BT,1,patient_504,slide_504
/bracs/BRACS_WSI/val/Group_BT/Type_PB/BRACS_1276.svs,BRACS_1276,BRACS_1276,Group_BT,1,patient_505,slide_505
/bracs/BRACS_WSI/val/Group_BT/Type_PB/BRACS_1423.svs,BRACS_1423,BRACS_1423,Group_BT,1,patient_506,slide_506
/bracs/BRACS_WSI/val/Group_BT/Type_PB/BRACS_1424.svs,BRACS_1424,BRACS_1424,Group_BT,1,patient_507,slide_507
/bracs/BRACS_WSI/val/Group_BT/Type_PB/BRACS_1608.svs,BRACS_1608,BRACS_1608,Group_BT,1,patient_508,slide_508
/bracs/BRACS_WSI/val/Group_BT/Type_PB/BRACS_1980.svs,BRACS_1980,BRACS_1980,Group_BT,1,patient_509,slide_509
/bracs/BRACS_WSI/val/Group_BT/Type_PB/BRACS_3295.svs,BRACS_3295,BRACS_3295,Group_BT,1,patient_510,slide_510
/bracs/BRACS_WSI/val/Group_BT/Type_PB/BRACS_3296.svs,BRACS_3296,BRACS_3296,Group_BT,1,patient_511,slide_511
/bracs/BRACS_WSI/val/Group_BT/Type_PB/BRACS_3298.svs,BRACS_3298,BRACS_3298,Group_BT,1,patient_512,slide_512
/bracs/BRACS_WSI/val/Group_BT/Type_PB/BRACS_3300.svs,BRACS_3300,BRACS_3300,Group_BT,1,patient_513,slide_513
/bracs/BRACS_WSI/val/Group_BT/Type_PB/BRACS_3337.svs,BRACS_3337,BRACS_3337,Group_BT,1,patient_514,slide_514
/bracs/BRACS_WSI/val/Group_BT/Type_UDH/BRACS_1003661.svs,BRACS_1003661,BRACS_1003661,Group_BT,1,patient_515,slide_515
/bracs/BRACS_WSI/val/Group_BT/Type_UDH/BRACS_1295.svs,BRACS_1295,BRACS_1295,Group_BT,1,patient_516,slide_516
/bracs/BRACS_WSI/val/Group_BT/Type_UDH/BRACS_1591.svs,BRACS_1591,BRACS_1591,Group_BT,1,patient_517,slide_517
/bracs/BRACS_WSI/val/Group_BT/Type_UDH/BRACS_1592.svs,BRACS_1592,BRACS_1592,Group_BT,1,patient_518,slide_518
/bracs/BRACS_WSI/val/Group_BT/Type_UDH/BRACS_1595.svs,BRACS_1595,BRACS_1595,Group_BT,1,patient_519,slide_519
/bracs/BRACS_WSI/val/Group_BT/Type_UDH/BRACS_1609.svs,BRACS_1609,BRACS_1609,Group_BT,1,patient_520,slide_520
/bracs/BRACS_WSI/val/Group_BT/Type_UDH/BRACS_265.svs,BRACS_265,BRACS_265,Group_BT,1,patient_521,slide_521
/bracs/BRACS_WSI/val/Group_BT/Type_UDH/BRACS_3284.svs,BRACS_3284,BRACS_3284,Group_BT,1,patient_522,slide_522
/bracs/BRACS_WSI/val/Group_MT/Type_DCIS/BRACS_1366.svs,BRACS_1366,BRACS_1366,Group_MT,2,patient_523,slide_523
/bracs/BRACS_WSI/val/Group_MT/Type_DCIS/BRACS_1367.svs,BRACS_1367,BRACS_1367,Group_MT,2,patient_524,slide_524
/bracs/BRACS_WSI/val/Group_MT/Type_DCIS/BRACS_1607.svs,BRACS_1607,BRACS_1607,Group_MT,2,patient_525,slide_525
/bracs/BRACS_WSI/val/Group_MT/Type_DCIS/BRACS_1883.svs,BRACS_1883,BRACS_1883,Group_MT,2,patient_526,slide_526
/bracs/BRACS_WSI/val/Group_MT/Type_DCIS/BRACS_1935.svs,BRACS_1935,BRACS_1935,Group_MT,2,patient_527,slide_527
/bracs/BRACS_WSI/val/Group_MT/Type_DCIS/BRACS_3302.svs,BRACS_3302,BRACS_3302,Group_MT,2,patient_528,slide_528
/bracs/BRACS_WSI/val/Group_MT/Type_DCIS/BRACS_735.svs,BRACS_735,BRACS_735,Group_MT,2,patient_529,slide_529
/bracs/BRACS_WSI/val/Group_MT/Type_DCIS/BRACS_736.svs,BRACS_736,BRACS_736,Group_MT,2,patient_530,slide_530
/bracs/BRACS_WSI/val/Group_MT/Type_DCIS/BRACS_737.svs,BRACS_737,BRACS_737,Group_MT,2,patient_531,slide_531
/bracs/BRACS_WSI/val/Group_MT/Type_IC/BRACS_1361.svs,BRACS_1361,BRACS_1361,Group_MT,2,patient_532,slide_532
/bracs/BRACS_WSI/val/Group_MT/Type_IC/BRACS_1362.svs,BRACS_1362,BRACS_1362,Group_MT,2,patient_533,slide_533
/bracs/BRACS_WSI/val/Group_MT/Type_IC/BRACS_1368.svs,BRACS_1368,BRACS_1368,Group_MT,2,patient_534,slide_534
/bracs/BRACS_WSI/val/Group_MT/Type_IC/BRACS_1392.svs,BRACS_1392,BRACS_1392,Group_MT,2,patient_535,slide_535
/bracs/BRACS_WSI/val/Group_MT/Type_IC/BRACS_1393.svs,BRACS_1393,BRACS_1393,Group_MT,2,patient_536,slide_536
/bracs/BRACS_WSI/val/Group_MT/Type_IC/BRACS_1394.svs,BRACS_1394,BRACS_1394,Group_MT,2,patient_537,slide_537
/bracs/BRACS_WSI/val/Group_MT/Type_IC/BRACS_1395.svs,BRACS_1395,BRACS_1395,Group_MT,2,patient_538,slide_538
/bracs/BRACS_WSI/val/Group_MT/Type_IC/BRACS_1798.svs,BRACS_1798,BRACS_1798,Group_MT,2,patient_539,slide_539
/bracs/BRACS_WSI/val/Group_MT/Type_IC/BRACS_3301.svs,BRACS_3301,BRACS_3301,Group_MT,2,patient_540,slide_540
/bracs/BRACS_WSI/val/Group_MT/Type_IC/BRACS_738.svs,BRACS_738,BRACS_738,Group_MT,2,patient_541,slide_541
/bracs/BRACS_WSI/val/Group_MT/Type_IC/BRACS_739.svs,BRACS_739,BRACS_739,Group_MT,2,patient_542,slide_542
/bracs/BRACS_WSI/val/Group_MT/Type_IC/BRACS_740.svs,BRACS_740,BRACS_740,Group_MT,2,patient_543,slide_543
