,train,val,test
slide_0,True,False,False
slide_2,True,False,False
slide_3,True,False,False
slide_6,True,False,False
slide_8,True,False,False
slide_9,True,False,False
slide_11,True,False,False
slide_13,True,False,False
slide_16,True,False,False
slide_18,True,False,False
slide_21,True,False,False
slide_22,True,False,False
slide_87,True,False,False
slide_88,True,False,False
slide_91,True,False,False
slide_92,True,False,False
slide_93,True,False,False
slide_96,True,False,False
slide_97,True,False,False
slide_98,True,False,False
slide_99,True,False,False
slide_102,True,False,False
slide_103,True,False,False
slide_105,True,False,False
slide_106,True,False,False
slide_108,True,False,False
slide_112,True,False,False
slide_113,True,False,False
slide_114,True,False,False
slide_115,True,False,False
slide_116,True,False,False
slide_117,True,False,False
slide_118,True,False,False
slide_119,True,False,False
slide_122,True,False,False
slide_123,True,False,False
slide_124,True,False,False
slide_125,True,False,False
slide_126,True,False,False
slide_128,True,False,False
slide_129,True,False,False
slide_130,True,False,False
slide_132,True,False,False
slide_133,True,False,False
slide_135,True,False,False
slide_136,True,False,False
slide_482,True,False,False
slide_484,True,False,False
slide_485,True,False,False
slide_486,True,False,False
slide_489,True,False,False
slide_490,True,False,False
slide_493,True,False,False
slide_25,True,False,False
slide_26,True,False,False
slide_28,True,False,False
slide_29,True,False,False
slide_32,True,False,False
slide_34,True,False,False
slide_35,True,False,False
slide_40,True,False,False
slide_41,True,False,False
slide_43,True,False,False
slide_45,True,False,False
slide_46,True,False,False
slide_47,True,False,False
slide_49,True,False,False
slide_50,True,False,False
slide_51,True,False,False
slide_52,True,False,False
slide_140,True,False,False
slide_142,True,False,False
slide_145,True,False,False
slide_147,True,False,False
slide_149,True,False,False
slide_150,True,False,False
slide_152,True,False,False
slide_153,True,False,False
slide_156,True,False,False
slide_157,True,False,False
slide_158,True,False,False
slide_159,True,False,False
slide_161,True,False,False
slide_162,True,False,False
slide_163,True,False,False
slide_165,True,False,False
slide_166,True,False,False
slide_169,True,False,False
slide_170,True,False,False
slide_171,True,False,False
slide_173,True,False,False
slide_174,True,False,False
slide_175,True,False,False
slide_179,True,False,False
slide_180,True,False,False
slide_181,True,False,False
slide_183,True,False,False
slide_184,True,False,False
slide_185,True,False,False
slide_186,True,False,False
slide_188,True,False,False
slide_189,True,False,False
slide_190,True,False,False
slide_192,True,False,False
slide_193,True,False,False
slide_194,True,False,False
slide_195,True,False,False
slide_196,True,False,False
slide_199,True,False,False
slide_201,True,False,False
slide_202,True,False,False
slide_204,True,False,False
slide_205,True,False,False
slide_206,True,False,False
slide_210,True,False,False
slide_213,True,False,False
slide_214,True,False,False
slide_217,True,False,False
slide_221,True,False,False
slide_224,True,False,False
slide_226,True,False,False
slide_228,True,False,False
slide_231,True,False,False
slide_232,True,False,False
slide_234,True,False,False
slide_235,True,False,False
slide_239,True,False,False
slide_240,True,False,False
slide_241,True,False,False
slide_242,True,False,False
slide_244,True,False,False
slide_245,True,False,False
slide_247,True,False,False
slide_248,True,False,False
slide_249,True,False,False
slide_250,True,False,False
slide_251,True,False,False
slide_252,True,False,False
slide_253,True,False,False
slide_254,True,False,False
slide_256,True,False,False
slide_257,True,False,False
slide_258,True,False,False
slide_260,True,False,False
slide_263,True,False,False
slide_265,True,False,False
slide_266,True,False,False
slide_269,True,False,False
slide_270,True,False,False
slide_272,True,False,False
slide_276,True,False,False
slide_278,True,False,False
slide_279,True,False,False
slide_280,True,False,False
slide_281,True,False,False
slide_283,True,False,False
slide_286,True,False,False
slide_288,True,False,False
slide_289,True,False,False
slide_290,True,False,False
slide_291,True,False,False
slide_292,True,False,False
slide_293,True,False,False
slide_294,True,False,False
slide_295,True,False,False
slide_297,True,False,False
slide_299,True,False,False
slide_300,True,False,False
slide_302,True,False,False
slide_303,True,False,False
slide_305,True,False,False
slide_306,True,False,False
slide_309,True,False,False
slide_310,True,False,False
slide_311,True,False,False
slide_312,True,False,False
slide_314,True,False,False
slide_316,True,False,False
slide_317,True,False,False
slide_319,True,False,False
slide_320,True,False,False
slide_321,True,False,False
slide_323,True,False,False
slide_324,True,False,False
slide_326,True,False,False
slide_329,True,False,False
slide_330,True,False,False
slide_333,True,False,False
slide_334,True,False,False
slide_335,True,False,False
slide_336,True,False,False
slide_339,True,False,False
slide_494,True,False,False
slide_495,True,False,False
slide_497,True,False,False
slide_498,True,False,False
slide_499,True,False,False
slide_500,True,False,False
slide_502,True,False,False
slide_504,True,False,False
slide_506,True,False,False
slide_507,True,False,False
slide_513,True,False,False
slide_514,True,False,False
slide_515,True,False,False
slide_516,True,False,False
slide_517,True,False,False
slide_518,True,False,False
slide_519,True,False,False
slide_520,True,False,False
slide_522,True,False,False
slide_55,True,False,False
slide_56,True,False,False
slide_59,True,False,False
slide_60,True,False,False
slide_62,True,False,False
slide_63,True,False,False
slide_64,True,False,False
slide_65,True,False,False
slide_67,True,False,False
slide_68,True,False,False
slide_69,True,False,False
slide_71,True,False,False
slide_73,True,False,False
slide_74,True,False,False
slide_76,True,False,False
slide_83,True,False,False
slide_85,True,False,False
slide_86,True,False,False
slide_342,True,False,False
slide_344,True,False,False
slide_345,True,False,False
slide_346,True,False,False
slide_348,True,False,False
slide_350,True,False,False
slide_351,True,False,False
slide_352,True,False,False
slide_354,True,False,False
slide_357,True,False,False
slide_359,True,False,False
slide_360,True,False,False
slide_361,True,False,False
slide_362,True,False,False
slide_363,True,False,False
slide_364,True,False,False
slide_367,True,False,False
slide_368,True,False,False
slide_369,True,False,False
slide_371,True,False,False
slide_373,True,False,False
slide_375,True,False,False
slide_379,True,False,False
slide_381,True,False,False
slide_382,True,False,False
slide_384,True,False,False
slide_387,True,False,False
slide_388,True,False,False
slide_390,True,False,False
slide_391,True,False,False
slide_392,True,False,False
slide_393,True,False,False
slide_394,True,False,False
slide_399,True,False,False
slide_400,True,False,False
slide_401,True,False,False
slide_402,True,False,False
slide_404,True,False,False
slide_409,True,False,False
slide_410,True,False,False
slide_411,True,False,False
slide_412,True,False,False
slide_414,True,False,False
slide_415,True,False,False
slide_417,True,False,False
slide_418,True,False,False
slide_419,True,False,False
slide_420,True,False,False
slide_422,True,False,False
slide_423,True,False,False
slide_424,True,False,False
slide_427,True,False,False
slide_428,True,False,False
slide_429,True,False,False
slide_431,True,False,False
slide_432,True,False,False
slide_433,True,False,False
slide_435,True,False,False
slide_437,True,False,False
slide_439,True,False,False
slide_440,True,False,False
slide_443,True,False,False
slide_447,True,False,False
slide_448,True,False,False
slide_449,True,False,False
slide_451,True,False,False
slide_454,True,False,False
slide_455,True,False,False
slide_457,True,False,False
slide_458,True,False,False
slide_464,True,False,False
slide_465,True,False,False
slide_466,True,False,False
slide_467,True,False,False
slide_468,True,False,False
slide_469,True,False,False
slide_470,True,False,False
slide_472,True,False,False
slide_473,True,False,False
slide_476,True,False,False
slide_523,True,False,False
slide_524,True,False,False
slide_526,True,False,False
slide_527,True,False,False
slide_529,True,False,False
slide_530,True,False,False
slide_531,True,False,False
slide_532,True,False,False
slide_533,True,False,False
slide_534,True,False,False
slide_535,True,False,False
slide_536,True,False,False
slide_538,True,False,False
slide_539,True,False,False
slide_540,True,False,False
slide_542,True,False,False
slide_543,True,False,False
slide_89,False,True,False
slide_17,False,True,False
slide_491,False,True,False
slide_110,False,True,False
slide_492,False,True,False
slide_15,False,True,False
slide_138,False,True,False
slide_480,False,True,False
slide_104,False,True,False
slide_101,False,True,False
slide_1,False,True,False
slide_120,False,True,False
slide_111,False,True,False
slide_7,False,True,False
slide_137,False,True,False
slide_90,False,True,False
slide_109,False,True,False
slide_5,False,True,False
slide_172,False,True,False
slide_237,False,True,False
slide_178,False,True,False
slide_36,False,True,False
slide_139,False,True,False
slide_48,False,True,False
slide_31,False,True,False
slide_503,False,True,False
slide_148,False,True,False
slide_208,False,True,False
slide_287,False,True,False
slide_318,False,True,False
slide_307,False,True,False
slide_198,False,True,False
slide_220,False,True,False
slide_274,False,True,False
slide_285,False,True,False
slide_282,False,True,False
slide_267,False,True,False
slide_236,False,True,False
slide_42,False,True,False
slide_225,False,True,False
slide_277,False,True,False
slide_27,False,True,False
slide_144,False,True,False
slide_508,False,True,False
slide_216,False,True,False
slide_203,False,True,False
slide_211,False,True,False
slide_264,False,True,False
slide_313,False,True,False
slide_304,False,True,False
slide_521,False,True,False
slide_230,False,True,False
slide_227,False,True,False
slide_332,False,True,False
slide_259,False,True,False
slide_496,False,True,False
slide_284,False,True,False
slide_219,False,True,False
slide_191,False,True,False
slide_155,False,True,False
slide_167,False,True,False
slide_39,False,True,False
slide_151,False,True,False
slide_331,False,True,False
slide_327,False,True,False
slide_298,False,True,False
slide_53,False,True,False
slide_262,False,True,False
slide_218,False,True,False
slide_215,False,True,False
slide_479,False,True,False
slide_452,False,True,False
slide_347,False,True,False
slide_341,False,True,False
slide_355,False,True,False
slide_434,False,True,False
slide_442,False,True,False
slide_366,False,True,False
slide_461,False,True,False
slide_398,False,True,False
slide_61,False,True,False
slide_84,False,True,False
slide_406,False,True,False
slide_397,False,True,False
slide_444,False,True,False
slide_537,False,True,False
slide_474,False,True,False
slide_353,False,True,False
slide_77,False,True,False
slide_356,False,True,False
slide_407,False,True,False
slide_396,False,True,False
slide_450,False,True,False
slide_380,False,True,False
slide_475,False,True,False
slide_403,False,True,False
slide_528,False,True,False
slide_463,False,True,False
slide_395,False,True,False
slide_405,False,True,False
slide_446,False,True,False
slide_57,False,True,False
slide_416,False,True,False
slide_445,False,True,False
slide_378,False,True,False
slide_372,False,True,False
slide_413,False,True,False
slide_477,False,True,False
slide_365,False,True,False
slide_134,False,False,True
slide_14,False,False,True
slide_483,False,False,True
slide_107,False,False,True
slide_481,False,False,True
slide_10,False,False,True
slide_121,False,False,True
slide_94,False,False,True
slide_12,False,False,True
slide_19,False,False,True
slide_487,False,False,True
slide_488,False,False,True
slide_20,False,False,True
slide_4,False,False,True
slide_100,False,False,True
slide_131,False,False,True
slide_127,False,False,True
slide_95,False,False,True
slide_200,False,False,True
slide_154,False,False,True
slide_141,False,False,True
slide_255,False,False,True
slide_501,False,False,True
slide_37,False,False,True
slide_509,False,False,True
slide_168,False,False,True
slide_337,False,False,True
slide_296,False,False,True
slide_505,False,False,True
slide_510,False,False,True
slide_212,False,False,True
slide_187,False,False,True
slide_275,False,False,True
slide_238,False,False,True
slide_338,False,False,True
slide_233,False,False,True
slide_315,False,False,True
slide_222,False,False,True
slide_325,False,False,True
slide_243,False,False,True
slide_177,False,False,True
slide_207,False,False,True
slide_223,False,False,True
slide_273,False,False,True
slide_328,False,False,True
slide_209,False,False,True
slide_33,False,False,True
slide_511,False,False,True
slide_38,False,False,True
slide_308,False,False,True
slide_261,False,False,True
slide_301,False,False,True
slide_24,False,False,True
slide_197,False,False,True
slide_143,False,False,True
slide_322,False,False,True
slide_164,False,False,True
slide_54,False,False,True
slide_30,False,False,True
slide_268,False,False,True
slide_160,False,False,True
slide_271,False,False,True
slide_246,False,False,True
slide_23,False,False,True
slide_176,False,False,True
slide_44,False,False,True
slide_229,False,False,True
slide_512,False,False,True
slide_182,False,False,True
slide_146,False,False,True
slide_58,False,False,True
slide_66,False,False,True
slide_377,False,False,True
slide_456,False,False,True
slide_430,False,False,True
slide_370,False,False,True
slide_376,False,False,True
slide_383,False,False,True
slide_459,False,False,True
slide_421,False,False,True
slide_462,False,False,True
slide_436,False,False,True
slide_81,False,False,True
slide_389,False,False,True
slide_471,False,False,True
slide_541,False,False,True
slide_75,False,False,True
slide_72,False,False,True
slide_340,False,False,True
slide_426,False,False,True
slide_79,False,False,True
slide_349,False,False,True
slide_478,False,False,True
slide_70,False,False,True
slide_408,False,False,True
slide_438,False,False,True
slide_385,False,False,True
slide_453,False,False,True
slide_358,False,False,True
slide_386,False,False,True
slide_525,False,False,True
slide_374,False,False,True
slide_441,False,False,True
slide_460,False,False,True
slide_80,False,False,True
slide_78,False,False,True
slide_82,False,False,True
slide_343,False,False,True
slide_425,False,False,True
