slide_id,expand_count
slide_0,-1
slide_2,-1
slide_5,-1
slide_7,-1
slide_8,-1
slide_11,-1
slide_15,-1
slide_16,-1
slide_17,-1
slide_20,-1
slide_21,-1
slide_22,-1
slide_91,-1
slide_92,-1
slide_94,-1
slide_95,-1
slide_96,-1
slide_97,-1
slide_98,-1
slide_99,-1
slide_100,-1
slide_101,-1
slide_102,-1
slide_103,-1
slide_104,-1
slide_106,-1
slide_108,-1
slide_109,-1
slide_111,-1
slide_112,-1
slide_113,-1
slide_115,-1
slide_117,-1
slide_118,-1
slide_119,-1
slide_120,-1
slide_122,-1
slide_124,0
slide_127,0
slide_131,-1
slide_132,-1
slide_133,-1
slide_134,-1
slide_135,-1
slide_138,-1
slide_480,-1
slide_483,-1
slide_486,-1
slide_487,-1
slide_488,-1
slide_489,-1
slide_490,-1
slide_491,-1
slide_24,-1
slide_25,-1
slide_28,-1
slide_34,-1
slide_35,-1
slide_37,-1
slide_38,-1
slide_44,-1
slide_45,-1
slide_46,-1
slide_49,-1
slide_50,-1
slide_51,-1
slide_52,-1
slide_139,-1
slide_141,-1
slide_142,-1
slide_143,-1
slide_144,-1
slide_145,-1
slide_146,-1
slide_148,-1
slide_152,-1
slide_155,-1
slide_157,-1
slide_158,-1
slide_159,-1
slide_161,-1
slide_162,-1
slide_164,-1
slide_167,-1
slide_169,-1
slide_170,-1
slide_171,-1
slide_173,-1
slide_174,-1
slide_175,-1
slide_179,-1
slide_180,-1
slide_181,-1
slide_182,-1
slide_183,-1
slide_185,-1
slide_186,0
slide_188,0
slide_189,-1
slide_190,-1
slide_191,-1
slide_192,-1
slide_194,-1
slide_197,-1
slide_199,-1
slide_200,-1
slide_203,-1
slide_207,-1
slide_208,-1
slide_210,-1
slide_211,-1
slide_212,-1
slide_213,-1
slide_217,-1
slide_219,-1
slide_222,-1
slide_224,-1
slide_225,-1
slide_226,-1
slide_231,-1
slide_233,-1
slide_234,-1
slide_235,-1
slide_237,-1
slide_238,-1
slide_239,-1
slide_241,-1
slide_242,-1
slide_245,-1
slide_246,-1
slide_248,-1
slide_249,-1
slide_250,-1
slide_256,-1
slide_257,-1
slide_259,-1
slide_260,-1
slide_261,-1
slide_262,-1
slide_263,-1
slide_265,-1
slide_268,-1
slide_269,-1
slide_270,-1
slide_271,-1
slide_272,-1
slide_274,-1
slide_275,-1
slide_276,-1
slide_277,-1
slide_278,-1
slide_279,-1
slide_280,-1
slide_282,-1
slide_285,-1
slide_286,-1
slide_287,-1
slide_288,-1
slide_289,-1
slide_291,-1
slide_295,-1
slide_297,-1
slide_298,-1
slide_299,-1
slide_300,-1
slide_301,-1
slide_303,-1
slide_304,-1
slide_305,-1
slide_308,-1
slide_310,-1
slide_311,-1
slide_312,-1
slide_314,-1
slide_316,-1
slide_317,-1
slide_318,-1
slide_319,-1
slide_320,-1
slide_321,-1
slide_326,-1
slide_327,-1
slide_328,-1
slide_331,-1
slide_332,-1
slide_335,-1
slide_337,-1
slide_338,-1
slide_339,-1
slide_494,-1
slide_495,-1
slide_496,-1
slide_498,-1
slide_499,-1
slide_500,-1
slide_501,-1
slide_503,-1
slide_504,-1
slide_505,-1
slide_506,-1
slide_507,-1
slide_509,-1
slide_511,-1
slide_512,-1
slide_513,-1
slide_514,-1
slide_515,-1
slide_516,-1
slide_517,-1
slide_521,-1
slide_522,-1
slide_55,-1
slide_56,-1
slide_57,-1
slide_58,-1
slide_62,-1
slide_63,-1
slide_65,-1
slide_69,-1
slide_70,-1
slide_72,-1
slide_74,-1
slide_75,-1
slide_76,-1
slide_77,-1
slide_78,-1
slide_79,-1
slide_84,-1
slide_85,-1
slide_342,-1
slide_346,-1
slide_347,-1
slide_349,-1
slide_350,-1
slide_351,-1
slide_352,-1
slide_353,-1
slide_355,-1
slide_357,-1
slide_358,-1
slide_364,-1
slide_366,-1
slide_367,-1
slide_368,-1
slide_370,-1
slide_372,-1
slide_374,-1
slide_376,-1
slide_377,-1
slide_378,-1
slide_379,-1
slide_380,-1
slide_381,-1
slide_383,-1
slide_386,-1
slide_388,-1
slide_389,-1
slide_392,-1
slide_395,-1
slide_396,-1
slide_397,-1
slide_398,-1
slide_402,-1
slide_403,-1
slide_404,-1
slide_405,-1
slide_406,-1
slide_408,-1
slide_409,-1
slide_411,-1
slide_412,-1
slide_413,-1
slide_415,-1
slide_416,-1
slide_417,-1
slide_420,-1
slide_421,-1
slide_422,-1
slide_423,-1
slide_427,-1
slide_428,-1
slide_430,-1
slide_431,-1
slide_432,-1
slide_436,-1
slide_437,-1
slide_438,-1
slide_439,-1
slide_440,-1
slide_442,-1
slide_443,-1
slide_446,-1
slide_448,-1
slide_449,-1
slide_452,-1
slide_453,0
slide_455,0
slide_457,-1
slide_458,-1
slide_459,-1
slide_460,-1
slide_462,-1
slide_463,-1
slide_464,-1
slide_465,-1
slide_467,-1
slide_468,-1
slide_470,-1
slide_471,-1
slide_473,-1
slide_474,-1
slide_477,-1
slide_523,-1
slide_524,-1
slide_525,-1
slide_526,-1
slide_527,-1
slide_529,-1
slide_531,-1
slide_533,-1
slide_534,-1
slide_536,-1
slide_538,-1
slide_539,-1
slide_542,-1
slide_543,-1
